slice,probe_model,split_mode,feature_set,target,action_dim,r2,avg_r2_for_target,mse,avg_mse_for_target,n_train,n_test,n_val,train_seconds,epochs,best_val_mse
all,mlp,episode,continuous,current_action,0,0.8846701245794523,0.6724229703104311,0.011518588172724095,0.05916059920569385,3289126,941386,476711,30.116721391677856,64.0,0.05787106230854988
all,mlp,episode,continuous,current_action,1,0.9043629736618478,0.6724229703104311,0.012915713965894315,0.05916059920569385,3289126,941386,476711,30.116721391677856,64.0,0.05787106230854988
all,mlp,episode,continuous,current_action,2,0.923307862544633,0.6724229703104311,0.013467883014439838,0.05916059920569385,3289126,941386,476711,30.116721391677856,64.0,0.05787106230854988
all,mlp,episode,continuous,current_action,3,0.49855521757685073,0.6724229703104311,0.0010519983774149306,0.05916059920569385,3289126,941386,476711,30.116721391677856,64.0,0.05787106230854988
all,mlp,episode,continuous,current_action,4,0.4287082920570011,0.6724229703104311,0.0020722766188203032,0.05916059920569385,3289126,941386,476711,30.116721391677856,64.0,0.05787106230854988
all,mlp,episode,continuous,current_action,5,0.4368848060077294,0.6724229703104311,0.0041196660514440245,0.05916059920569385,3289126,941386,476711,30.116721391677856,64.0,0.05787106230854988
all,mlp,episode,continuous,current_action,6,0.6304715157455029,0.6724229703104311,0.3689780682391195,0.05916059920569385,3289126,941386,476711,30.116721391677856,64.0,0.05787106230854988
all,mlp,episode,continuous,future_action_mean,0,0.835967206132247,0.6496014604775724,0.015794981002431194,0.05727382237179995,3289126,941386,476711,21.086920022964478,44.0,0.05566658824682236
all,mlp,episode,continuous,future_action_mean,1,0.8895617589441326,0.6496014604775724,0.014618703971788887,0.05727382237179995,3289126,941386,476711,21.086920022964478,44.0,0.05566658824682236
all,mlp,episode,continuous,future_action_mean,2,0.9111500361760448,0.6496014604775724,0.015328165756654504,0.05727382237179995,3289126,941386,476711,21.086920022964478,44.0,0.05566658824682236
all,mlp,episode,continuous,future_action_mean,3,0.46947257512000107,0.6496014604775724,0.0010848672295104569,0.05727382237179995,3289126,941386,476711,21.086920022964478,44.0,0.05566658824682236
all,mlp,episode,continuous,future_action_mean,4,0.3529825279413167,0.6496014604775724,0.002264318054515982,0.05727382237179995,3289126,941386,476711,21.086920022964478,44.0,0.05566658824682236
all,mlp,episode,continuous,future_action_mean,5,0.45138139460072846,0.6496014604775724,0.004005762274073014,0.05727382237179995,3289126,941386,476711,21.086920022964478,44.0,0.05566658824682236
all,mlp,episode,continuous,future_action_mean,6,0.6366947244285361,0.6496014604775724,0.3478199583136256,0.05727382237179995,3289126,941386,476711,21.086920022964478,44.0,0.05566658824682236
all,ridge,episode,continuous,current_action,0,0.8098814156840274,0.47395134495724445,0.01898812141027292,0.11999244593057949,3289126,941386,476711,0.9580984115600586,,
all,ridge,episode,continuous,current_action,1,0.8386889094501777,0.47395134495724445,0.021784950712513296,0.11999244593057949,3289126,941386,476711,0.9580984115600586,,
all,ridge,episode,continuous,current_action,2,0.8736373406154607,0.47395134495724445,0.022190508316121883,0.11999244593057949,3289126,941386,476711,0.9580984115600586,,
all,ridge,episode,continuous,current_action,3,0.2608143790763118,0.47395134495724445,0.001550763117052365,0.11999244593057949,3289126,941386,476711,0.9580984115600586,,
all,ridge,episode,continuous,current_action,4,0.21857442515195158,0.47395134495724445,0.002834506304907537,0.11999244593057949,3289126,941386,476711,0.9580984115600586,,
all,ridge,episode,continuous,current_action,5,0.08309578541442009,0.47395134495724445,0.0067079333066370934,0.11999244593057949,3289126,941386,476711,0.9580984115600586,,
all,ridge,episode,continuous,current_action,6,0.23296715930836143,0.47395134495724445,0.7658903383465514,0.11999244593057949,3289126,941386,476711,0.9580984115600586,,
all,ridge,episode,continuous,future_action_mean,0,0.7226360961393903,0.4407630911770338,0.026707815485789453,0.11746549341658134,3289126,941386,476711,0.030089378356933594,,
all,ridge,episode,continuous,future_action_mean,1,0.7992663291705417,0.4407630911770338,0.026571105107893785,0.11746549341658134,3289126,941386,476711,0.030089378356933594,,
all,ridge,episode,continuous,future_action_mean,2,0.8528462242882459,0.4407630911770338,0.025386588454852997,0.11746549341658134,3289126,941386,476711,0.030089378356933594,,
all,ridge,episode,continuous,future_action_mean,3,0.22883004211539504,0.4407630911770338,0.0015769533797073791,0.11746549341658134,3289126,941386,476711,0.030089378356933594,,
all,ridge,episode,continuous,future_action_mean,4,0.1601038480142738,0.4407630911770338,0.0029393209657981073,0.11746549341658134,3289126,941386,476711,0.030089378356933594,,
all,ridge,episode,continuous,future_action_mean,5,0.08667467337965085,0.4407630911770338,0.006668684039012115,0.11746549341658134,3289126,941386,476711,0.030089378356933594,,
all,ridge,episode,continuous,future_action_mean,6,0.23498442513173867,0.4407630911770338,0.7324079864830156,0.11746549341658134,3289126,941386,476711,0.030089378356933594,,
eval_nonholdout,mlp,episode,continuous,current_action,0,0.8844074098214566,0.6872242378755351,0.013145852692836486,0.05359678520888573,917419,264212,130503,9.674485206604004,78.0,0.054678499698638916
eval_nonholdout,mlp,episode,continuous,current_action,1,0.924700711046446,0.6872242378755351,0.011226870985936319,0.05359678520888573,917419,264212,130503,9.674485206604004,78.0,0.054678499698638916
eval_nonholdout,mlp,episode,continuous,current_action,2,0.9267230890273986,0.6872242378755351,0.014161853831394485,0.05359678520888573,917419,264212,130503,9.674485206604004,78.0,0.054678499698638916
eval_nonholdout,mlp,episode,continuous,current_action,3,0.4782209967427503,0.6872242378755351,0.000807915755843707,0.05359678520888573,917419,264212,130503,9.674485206604004,78.0,0.054678499698638916
eval_nonholdout,mlp,episode,continuous,current_action,4,0.4610872223660779,0.6872242378755351,0.002255014541715768,0.05359678520888573,917419,264212,130503,9.674485206604004,78.0,0.054678499698638916
eval_nonholdout,mlp,episode,continuous,current_action,5,0.4669677742044558,0.6872242378755351,0.0031356850011509375,0.05359678520888573,917419,264212,130503,9.674485206604004,78.0,0.054678499698638916
eval_nonholdout,mlp,episode,continuous,current_action,6,0.6684624619201611,0.6872242378755351,0.3304443036533224,0.05359678520888573,917419,264212,130503,9.674485206604004,78.0,0.054678499698638916
eval_nonholdout,mlp,episode,continuous,future_action_mean,0,0.835519824204391,0.6655758280076578,0.017893677446091796,0.05211734930087124,917419,264212,130503,5.860407114028931,44.0,0.0527564212679863
eval_nonholdout,mlp,episode,continuous,future_action_mean,1,0.9074456674754778,0.6655758280076578,0.013441729571585551,0.05211734930087124,917419,264212,130503,5.860407114028931,44.0,0.0527564212679863
eval_nonholdout,mlp,episode,continuous,future_action_mean,2,0.9119247595286695,0.6655758280076578,0.016599048979464664,0.05211734930087124,917419,264212,130503,5.860407114028931,44.0,0.0527564212679863
eval_nonholdout,mlp,episode,continuous,future_action_mean,3,0.438841168805138,0.6655758280076578,0.0008290380143653927,0.05211734930087124,917419,264212,130503,5.860407114028931,44.0,0.0527564212679863
eval_nonholdout,mlp,episode,continuous,future_action_mean,4,0.3959401904277785,0.6655758280076578,0.0024131683546780133,0.05211734930087124,917419,264212,130503,5.860407114028931,44.0,0.0527564212679863
eval_nonholdout,mlp,episode,continuous,future_action_mean,5,0.49622866986738023,0.6655758280076578,0.00293460273931287,0.05211734930087124,917419,264212,130503,5.860407114028931,44.0,0.0527564212679863
eval_nonholdout,mlp,episode,continuous,future_action_mean,6,0.6731305157447705,0.6655758280076578,0.31071018000060036,0.05211734930087124,917419,264212,130503,5.860407114028931,44.0,0.0527564212679863
eval_nonholdout,ridge,episode,continuous,current_action,0,0.8047652939660948,0.459792954510835,0.022203211140841436,0.12600651276979793,917419,264212,130503,0.00691533088684082,,
eval_nonholdout,ridge,episode,continuous,current_action,1,0.8485497421978325,0.459792954510835,0.022580724582678537,0.12600651276979793,917419,264212,130503,0.00691533088684082,,
eval_nonholdout,ridge,episode,continuous,current_action,2,0.8698583974768752,0.459792954510835,0.025151801950345002,0.12600651276979793,917419,264212,130503,0.00691533088684082,,
eval_nonholdout,ridge,episode,continuous,current_action,3,0.19713954344234075,0.459792954510835,0.0012431385865425634,0.12600651276979793,917419,264212,130503,0.00691533088684082,,
eval_nonholdout,ridge,episode,continuous,current_action,4,0.22663373202846504,0.459792954510835,0.003236056469109948,0.12600651276979793,917419,264212,130503,0.00691533088684082,,
eval_nonholdout,ridge,episode,continuous,current_action,5,0.07645563904828845,0.459792954510835,0.005432962699791082,0.12600651276979793,917419,264212,130503,0.00691533088684082,,
eval_nonholdout,ridge,episode,continuous,current_action,6,0.19514833341594895,0.459792954510835,0.802197693959277,0.12600651276979793,917419,264212,130503,0.00691533088684082,,
eval_nonholdout,ridge,episode,continuous,future_action_mean,0,0.7193119129809296,0.42577553855401284,0.03053585070532173,0.12344855204288514,917419,264212,130503,0.006525754928588867,,
eval_nonholdout,ridge,episode,continuous,future_action_mean,1,0.8031791127793904,0.42577553855401284,0.02858443325014549,0.12344855204288514,917419,264212,130503,0.006525754928588867,,
eval_nonholdout,ridge,episode,continuous,future_action_mean,2,0.8451607071154376,0.42577553855401284,0.029181697294066996,0.12344855204288514,917419,264212,130503,0.006525754928588867,,
eval_nonholdout,ridge,episode,continuous,future_action_mean,3,0.17371349979617023,0.42577553855401284,0.001220729107955603,0.12344855204288514,917419,264212,130503,0.006525754928588867,,
eval_nonholdout,ridge,episode,continuous,future_action_mean,4,0.16560207252902814,0.42577553855401284,0.003333349846942814,0.12344855204288514,917419,264212,130503,0.006525754928588867,,
eval_nonholdout,ridge,episode,continuous,future_action_mean,5,0.07921514424737974,0.42577553855401284,0.005363818062647784,0.12344855204288514,917419,264212,130503,0.006525754928588867,,
eval_nonholdout,ridge,episode,continuous,future_action_mean,6,0.1942463204297542,0.42577553855401284,0.7659199860331155,0.12344855204288514,917419,264212,130503,0.006525754928588867,,
eval_holdout,mlp,episode,continuous,current_action,0,0.9106233527848103,0.788723702043281,0.008744673716038213,0.024844600268245275,247859,69658,34998,4.2613842487335205,132.0,0.024858711287379265
eval_holdout,mlp,episode,continuous,current_action,1,0.9424194154589702,0.788723702043281,0.006130886006353817,0.024844600268245275,247859,69658,34998,4.2613842487335205,132.0,0.024858711287379265
eval_holdout,mlp,episode,continuous,current_action,2,0.950025475615902,0.788723702043281,0.008861643871438429,0.024844600268245275,247859,69658,34998,4.2613842487335205,132.0,0.024858711287379265
eval_holdout,mlp,episode,continuous,current_action,3,0.5677687593812787,0.788723702043281,0.0005307424586335004,0.024844600268245275,247859,69658,34998,4.2613842487335205,132.0,0.024858711287379265
eval_holdout,mlp,episode,continuous,current_action,4,0.5348305982482633,0.788723702043281,0.0011903146323552299,0.024844600268245275,247859,69658,34998,4.2613842487335205,132.0,0.024858711287379265
eval_holdout,mlp,episode,continuous,current_action,5,0.7607980966598951,0.788723702043281,0.0030568903216589287,0.024844600268245275,247859,69658,34998,4.2613842487335205,132.0,0.024858711287379265
eval_holdout,mlp,episode,continuous,current_action,6,0.8546002161538471,0.788723702043281,0.1453970508712388,0.024844600268245275,247859,69658,34998,4.2613842487335205,132.0,0.024858711287379265
eval_holdout,mlp,episode,continuous,future_action_mean,0,0.8847963685660537,0.7769906576832838,0.01087088377097981,0.022619436719157497,247859,69658,34998,3.1352832317352295,93.0,0.02337028458714485
eval_holdout,mlp,episode,continuous,future_action_mean,1,0.9284958613863269,0.7769906576832838,0.0074193900505413945,0.022619436719157497,247859,69658,34998,3.1352832317352295,93.0,0.02337028458714485
eval_holdout,mlp,episode,continuous,future_action_mean,2,0.944975991301523,0.7769906576832838,0.009507576048063036,0.022619436719157497,247859,69658,34998,3.1352832317352295,93.0,0.02337028458714485
eval_holdout,mlp,episode,continuous,future_action_mean,3,0.5449735350578775,0.7769906576832838,0.0005451563902426136,0.022619436719157497,247859,69658,34998,3.1352832317352295,93.0,0.02337028458714485
eval_holdout,mlp,episode,continuous,future_action_mean,4,0.4718126015173959,0.7769906576832838,0.0012965071789498106,0.022619436719157497,247859,69658,34998,3.1352832317352295,93.0,0.02337028458714485
eval_holdout,mlp,episode,continuous,future_action_mean,5,0.7953030077943938,0.7769906576832838,0.0027426278748234087,0.022619436719157497,247859,69658,34998,3.1352832317352295,93.0,0.02337028458714485
eval_holdout,mlp,episode,continuous,future_action_mean,6,0.8685772381594157,0.7769906576832838,0.1259539157205024,0.022619436719157497,247859,69658,34998,3.1352832317352295,93.0,0.02337028458714485
eval_holdout,ridge,episode,continuous,current_action,0,0.8250813680501817,0.5106100125589709,0.017114161371192926,0.11353625790903203,247859,69658,34998,0.002129077911376953,,
eval_holdout,ridge,episode,continuous,current_action,1,0.8396887988192991,0.5106100125589709,0.01706911640120964,0.11353625790903203,247859,69658,34998,0.002129077911376953,,
eval_holdout,ridge,episode,continuous,current_action,2,0.898820090208024,0.5106100125589709,0.01794154799012082,0.11353625790903203,247859,69658,34998,0.002129077911376953,,
eval_holdout,ridge,episode,continuous,current_action,3,0.3136877153134525,0.5106100125589709,0.0008427319340533943,0.11353625790903203,247859,69658,34998,0.002129077911376953,,
eval_holdout,ridge,episode,continuous,current_action,4,0.24056558836213593,0.5106100125589709,0.00194330471669563,0.11353625790903203,247859,69658,34998,0.002129077911376953,,
eval_holdout,ridge,episode,continuous,current_action,5,0.185879090271299,0.5106100125589709,0.010404090832301387,0.11353625790903203,247859,69658,34998,0.002129077911376953,,
eval_holdout,ridge,episode,continuous,current_action,6,0.2705474368884039,0.5106100125589709,0.7294388521176505,0.11353625790903203,247859,69658,34998,0.002129077911376953,,
eval_holdout,ridge,episode,continuous,future_action_mean,0,0.735872395877506,0.47458738773678316,0.024923697711467574,0.11151355095573591,247859,69658,34998,0.0018527507781982422,,
eval_holdout,ridge,episode,continuous,future_action_mean,1,0.7837606234598147,0.47458738773678316,0.02243736250716453,0.11151355095573591,247859,69658,34998,0.0018527507781982422,,
eval_holdout,ridge,episode,continuous,future_action_mean,2,0.8687397607790031,0.47458738773678316,0.022680403263950422,0.11151355095573591,247859,69658,34998,0.0018527507781982422,,
eval_holdout,ridge,episode,continuous,future_action_mean,3,0.2815360498471903,0.47458738773678316,0.000860774578539238,0.11151355095573591,247859,69658,34998,0.0018527507781982422,,
eval_holdout,ridge,episode,continuous,future_action_mean,4,0.18133952004259524,0.47458738773678316,0.002009512518542659,0.11151355095573591,247859,69658,34998,0.0018527507781982422,,
eval_holdout,ridge,episode,continuous,future_action_mean,5,0.19806238825285238,0.47458738773678316,0.010744742383111584,0.11151355095573591,247859,69658,34998,0.0018527507781982422,,
eval_holdout,ridge,episode,continuous,future_action_mean,6,0.2728009758985205,0.47458738773678316,0.6969383637273754,0.11151355095573591,247859,69658,34998,0.0018527507781982422,,
play,mlp,episode,continuous,current_action,0,0.8863743794115734,0.6825052793310757,0.010447794488176452,0.05638449255320923,2132977,604816,304781,15.44132399559021,51.0,0.05767463147640228
play,mlp,episode,continuous,current_action,1,0.9064810745758043,0.6825052793310757,0.012258458055709843,0.05638449255320923,2132977,604816,304781,15.44132399559021,51.0,0.05767463147640228
play,mlp,episode,continuous,current_action,2,0.9206996871742503,0.6825052793310757,0.013017831101873642,0.05638449255320923,2132977,604816,304781,15.44132399559021,51.0,0.05767463147640228
play,mlp,episode,continuous,current_action,3,0.535321549611232,0.6825052793310757,0.001105435459523947,0.05638449255320923,2132977,604816,304781,15.44132399559021,51.0,0.05767463147640228
play,mlp,episode,continuous,current_action,4,0.4416178860577362,0.6825052793310757,0.0018934398214515348,0.05638449255320923,2132977,604816,304781,15.44132399559021,51.0,0.05767463147640228
play,mlp,episode,continuous,current_action,5,0.43966011051633946,0.6825052793310757,0.004180339062720609,0.05638449255320923,2132977,604816,304781,15.44132399559021,51.0,0.05767463147640228
play,mlp,episode,continuous,current_action,6,0.6473822679705945,0.6825052793310757,0.3517881498830086,0.05638449255320923,2132977,604816,304781,15.44132399559021,51.0,0.05767463147640228
play,mlp,episode,continuous,future_action_mean,0,0.8447622697218928,0.6685081071948966,0.01382055966290506,0.052827427204428776,2132977,604816,304781,27.09066343307495,97.0,0.05404195562005043
play,mlp,episode,continuous,future_action_mean,1,0.8976953559162052,0.6685081071948966,0.013199658970147675,0.052827427204428776,2132977,604816,304781,27.09066343307495,97.0,0.05404195562005043
play,mlp,episode,continuous,future_action_mean,2,0.9122691968080067,0.6685081071948966,0.014209466478245779,0.052827427204428776,2132977,604816,304781,27.09066343307495,97.0,0.05404195562005043
play,mlp,episode,continuous,future_action_mean,3,0.5085728481386178,0.6685081071948966,0.0011457669735472392,0.052827427204428776,2132977,604816,304781,27.09066343307495,97.0,0.05404195562005043
play,mlp,episode,continuous,future_action_mean,4,0.3869859146704845,0.6685081071948966,0.0020175315975862894,0.052827427204428776,2132977,604816,304781,27.09066343307495,97.0,0.05404195562005043
play,mlp,episode,continuous,future_action_mean,5,0.46434204834648385,0.6685081071948966,0.003965732887740871,0.052827427204428776,2132977,604816,304781,27.09066343307495,97.0,0.05404195562005043
play,mlp,episode,continuous,future_action_mean,6,0.6649291167625859,0.6685081071948966,0.3214332738608285,0.052827427204428776,2132977,604816,304781,27.09066343307495,97.0,0.05404195562005043
play,ridge,episode,continuous,current_action,0,0.8136271681572078,0.4872971139279477,0.017136848495868995,0.11362199695552307,2132977,604816,304781,0.016141414642333984,,
play,ridge,episode,continuous,current_action,1,0.841957770337216,0.4872971139279477,0.020716170920104037,0.11362199695552307,2132977,604816,304781,0.016141414642333984,,
play,ridge,episode,continuous,current_action,2,0.8762176035690779,0.4872971139279477,0.020319949224710747,0.11362199695552307,2132977,604816,304781,0.016141414642333984,,
play,ridge,episode,continuous,current_action,3,0.2899194482002516,0.4872971139279477,0.0016892287998745252,0.11362199695552307,2132977,604816,304781,0.016141414642333984,,
play,ridge,episode,continuous,current_action,4,0.21843724805222764,0.4872971139279477,0.002650231804620759,0.11362199695552307,2132977,604816,304781,0.016141414642333984,,
play,ridge,episode,continuous,current_action,5,0.09875078378432078,0.4872971139279477,0.006723646441206283,0.11362199695552307,2132977,604816,304781,0.016141414642333984,,
play,ridge,episode,continuous,current_action,6,0.2721697753953328,0.4872971139279477,0.7261179030022761,0.11362199695552307,2132977,604816,304781,0.016141414642333984,,
play,ridge,episode,continuous,future_action_mean,0,0.7286242207658279,0.45485116194814507,0.02416013904128926,0.11111008215401445,2132977,604816,304781,0.015531539916992188,,
play,ridge,episode,continuous,future_action_mean,1,0.8056524519725196,0.45485116194814507,0.02507531675244338,0.11111008215401445,2132977,604816,304781,0.015531539916992188,,
play,ridge,episode,continuous,future_action_mean,2,0.8528379944963655,0.45485116194814507,0.02383534070124819,0.11111008215401445,2132977,604816,304781,0.015531539916992188,,
play,ridge,episode,continuous,future_action_mean,3,0.2556111906543338,0.45485116194814507,0.0017355494298511914,0.11111008215401445,2132977,604816,304781,0.015531539916992188,,
play,ridge,episode,continuous,future_action_mean,4,0.160666540967771,0.45485116194814507,0.002762386403566355,0.11111008215401445,2132977,604816,304781,0.015531539916992188,,
play,ridge,episode,continuous,future_action_mean,5,0.10355700896379605,0.45485116194814507,0.006636797681361804,0.11111008215401445,2132977,604816,304781,0.015531539916992188,,
play,ridge,episode,continuous,future_action_mean,6,0.2770087258164017,0.45485116194814507,0.693565045068341,0.11111008215401445,2132977,604816,304781,0.015531539916992188,,
