episode_index,task,source_kind,n_valid,ood_maha,agree_ridge_mlp,agree_multi_side,amp_dx,heldout,r2_dx_ridge_multi,r2_dx_ridge_side,r2_xyz_ridge_multi,score,proxy,rank_in_task
872,banana in black bowl,video_2cam,251,5.4892,0.8452,0.7943,0.0066,False,,,,0.8452,agree_ridge_mlp,1
853,banana in black bowl,video_2cam,206,4.7931,0.7966,0.7593,0.0068,False,,,,0.7966,agree_ridge_mlp,2
850,banana in black bowl,video_2cam,225,4.6583,0.7908,0.7476,0.0057,False,,,,0.7908,agree_ridge_mlp,3
876,banana in black bowl,video_2cam,204,4.7899,0.7789,0.8265,0.0075,False,,,,0.7789,agree_ridge_mlp,4
832,banana in black bowl,video_2cam,202,4.6021,0.7758,0.7935,0.0061,False,,,,0.7758,agree_ridge_mlp,5
868,banana in black bowl,video_2cam,225,5.2816,0.7672,0.7782,0.0076,False,,,,0.7672,agree_ridge_mlp,6
838,banana in black bowl,video_2cam,252,5.2057,0.7651,0.7506,0.0057,False,,,,0.7651,agree_ridge_mlp,7
841,banana in black bowl,video_2cam,241,4.6626,0.7610,0.7173,0.0070,False,,,,0.7610,agree_ridge_mlp,8
864,banana in black bowl,video_2cam,199,4.5323,0.7565,0.6905,0.0066,False,,,,0.7565,agree_ridge_mlp,9
880,banana in black bowl,video_2cam,203,4.5783,0.7517,0.6097,0.0049,False,,,,0.7517,agree_ridge_mlp,10
865,banana in black bowl,video_2cam,203,4.6679,0.7495,0.6072,0.0064,False,,,,0.7495,agree_ridge_mlp,11
869,banana in black bowl,video_2cam,211,4.5138,0.7493,0.7212,0.0066,False,,,,0.7493,agree_ridge_mlp,12
837,banana in black bowl,video_2cam,231,4.9935,0.7481,0.7667,0.0056,False,,,,0.7481,agree_ridge_mlp,13
835,banana in black bowl,video_2cam,233,4.8598,0.7434,0.8187,0.0080,False,,,,0.7434,agree_ridge_mlp,14
833,banana in black bowl,video_2cam,274,5.1288,0.7342,0.7236,0.0062,False,,,,0.7342,agree_ridge_mlp,15
840,banana in black bowl,video_2cam,224,5.0012,0.7255,0.7393,0.0068,False,,,,0.7255,agree_ridge_mlp,16
842,banana in black bowl,video_2cam,240,4.8356,0.7220,0.6849,0.0070,False,,,,0.7220,agree_ridge_mlp,17
849,banana in black bowl,video_2cam,215,4.7209,0.7216,0.7913,0.0061,False,,,,0.7216,agree_ridge_mlp,18
845,banana in black bowl,video_2cam,245,5.0408,0.7192,0.7349,0.0054,False,,,,0.7192,agree_ridge_mlp,19
847,banana in black bowl,video_2cam,230,4.8452,0.7140,0.8299,0.0061,False,,,,0.7140,agree_ridge_mlp,20
860,banana in black bowl,video_2cam,232,5.0676,0.7122,0.7640,0.0069,False,,,,0.7122,agree_ridge_mlp,21
844,banana in black bowl,video_2cam,224,4.9606,0.7120,0.7748,0.0072,False,,,,0.7120,agree_ridge_mlp,22
831,banana in black bowl,video_2cam,222,5.3272,0.7098,0.6697,0.0064,False,,,,0.7098,agree_ridge_mlp,23
861,banana in black bowl,video_2cam,226,5.2259,0.7079,0.7463,0.0070,False,,,,0.7079,agree_ridge_mlp,24
834,banana in black bowl,video_2cam,230,5.0184,0.7063,0.7380,0.0070,False,,,,0.7063,agree_ridge_mlp,25
863,banana in black bowl,video_2cam,195,4.8310,0.7046,0.5655,0.0063,False,,,,0.7046,agree_ridge_mlp,26
875,banana in black bowl,video_2cam,218,5.1718,0.7041,0.7409,0.0075,False,,,,0.7041,agree_ridge_mlp,27
866,banana in black bowl,video_2cam,245,4.5815,0.6997,0.5037,0.0060,False,,,,0.6997,agree_ridge_mlp,28
879,banana in black bowl,video_2cam,194,5.0513,0.6981,0.5462,0.0052,False,,,,0.6981,agree_ridge_mlp,29
877,banana in black bowl,video_2cam,208,4.8317,0.6958,0.7431,0.0063,False,,,,0.6958,agree_ridge_mlp,30
836,banana in black bowl,video_2cam,231,5.5428,0.6958,0.7432,0.0079,False,,,,0.6958,agree_ridge_mlp,31
839,banana in black bowl,video_2cam,232,4.6823,0.6936,0.6080,0.0062,False,,,,0.6936,agree_ridge_mlp,32
848,banana in black bowl,video_2cam,253,4.8803,0.6925,0.8098,0.0073,False,,,,0.6925,agree_ridge_mlp,33
856,banana in black bowl,video_2cam,224,5.3002,0.6776,0.7884,0.0082,False,,,,0.6776,agree_ridge_mlp,34
857,banana in black bowl,video_2cam,254,5.5382,0.6679,0.9070,0.0074,False,,,,0.6679,agree_ridge_mlp,35
871,banana in black bowl,video_2cam,195,4.4224,0.6620,0.5120,0.0060,False,,,,0.6620,agree_ridge_mlp,36
858,banana in black bowl,video_2cam,256,5.6002,0.6554,0.7632,0.0071,False,,,,0.6554,agree_ridge_mlp,37
852,banana in black bowl,video_2cam,202,4.7501,0.6529,0.5535,0.0057,False,,,,0.6529,agree_ridge_mlp,38
873,banana in black bowl,video_2cam,207,5.4181,0.6434,0.6955,0.0063,False,,,,0.6434,agree_ridge_mlp,39
870,banana in black bowl,video_2cam,245,4.4185,0.6375,0.6347,0.0058,False,,,,0.6375,agree_ridge_mlp,40
859,banana in black bowl,video_2cam,231,4.7134,0.6354,0.4300,0.0055,False,,,,0.6354,agree_ridge_mlp,41
854,banana in black bowl,video_2cam,230,5.5034,0.6342,0.5973,0.0057,False,,,,0.6342,agree_ridge_mlp,42
878,banana in black bowl,video_2cam,226,4.8704,0.6221,0.7991,0.0076,False,,,,0.6221,agree_ridge_mlp,43
862,banana in black bowl,video_2cam,219,4.6770,0.6175,0.6846,0.0059,False,,,,0.6175,agree_ridge_mlp,44
874,banana in black bowl,video_2cam,262,5.2861,0.6164,0.7177,0.0067,False,,,,0.6164,agree_ridge_mlp,45
855,banana in black bowl,video_2cam,219,5.0865,0.6115,0.7300,0.0065,False,,,,0.6115,agree_ridge_mlp,46
843,banana in black bowl,video_2cam,225,4.7711,0.5790,0.6818,0.0061,False,,,,0.5790,agree_ridge_mlp,47
851,banana in black bowl,video_2cam,180,4.3321,0.5774,0.5562,0.0046,False,,,,0.5774,agree_ridge_mlp,48
846,banana in black bowl,video_2cam,216,5.5684,0.5622,0.8737,0.0073,False,,,,0.5622,agree_ridge_mlp,49
867,banana in black bowl,video_2cam,190,4.3730,0.5527,0.6854,0.0065,False,,,,0.5527,agree_ridge_mlp,50
544,banana in black bowl,robot_3cam,274,2.4422,0.9418,0.9351,0.0115,False,0.7483,0.7527,0.8127,0.9418,agree_ridge_mlp,1
580,banana in black bowl,robot_3cam,239,2.6108,0.9379,0.9139,0.0097,False,0.8493,0.7458,0.8650,0.9379,agree_ridge_mlp,2
545,banana in black bowl,robot_3cam,253,2.5825,0.9344,0.9399,0.0094,False,0.6709,0.7828,0.7981,0.9344,agree_ridge_mlp,3
547,banana in black bowl,robot_3cam,273,2.3673,0.9263,0.9397,0.0096,True,0.7862,0.8479,0.8284,0.9263,agree_ridge_mlp,4
569,banana in black bowl,robot_3cam,260,2.5915,0.9223,0.8694,0.0081,False,0.7009,0.5101,0.8251,0.9223,agree_ridge_mlp,5
561,banana in black bowl,robot_3cam,242,2.3498,0.9183,0.8653,0.0088,False,0.7497,0.5064,0.8169,0.9183,agree_ridge_mlp,6
555,banana in black bowl,robot_3cam,229,2.7631,0.9164,0.8878,0.0092,False,0.7657,0.7160,0.8070,0.9164,agree_ridge_mlp,7
568,banana in black bowl,robot_3cam,241,2.6010,0.9125,0.8870,0.0097,False,0.7595,0.4454,0.8536,0.9125,agree_ridge_mlp,8
559,banana in black bowl,robot_3cam,230,2.7255,0.9108,0.9072,0.0105,False,0.7003,0.6483,0.7972,0.9108,agree_ridge_mlp,9
562,banana in black bowl,robot_3cam,238,2.6341,0.9053,0.9244,0.0109,False,0.7931,0.7161,0.8398,0.9053,agree_ridge_mlp,10
565,banana in black bowl,robot_3cam,237,2.7438,0.9016,0.8716,0.0109,False,0.7078,0.5015,0.8100,0.9016,agree_ridge_mlp,11
571,banana in black bowl,robot_3cam,239,2.5677,0.9015,0.9361,0.0101,False,0.6373,0.6515,0.7815,0.9015,agree_ridge_mlp,12
553,banana in black bowl,robot_3cam,249,2.6801,0.8994,0.9322,0.0102,False,0.7733,0.6756,0.8426,0.8994,agree_ridge_mlp,13
579,banana in black bowl,robot_3cam,252,3.3260,0.8964,0.9214,0.0112,True,0.8260,0.7374,0.8318,0.8964,agree_ridge_mlp,14
570,banana in black bowl,robot_3cam,272,2.5089,0.8942,0.9294,0.0100,False,0.6494,0.5989,0.7822,0.8942,agree_ridge_mlp,15
574,banana in black bowl,robot_3cam,224,2.3404,0.8941,0.9494,0.0096,False,0.7467,0.7588,0.8159,0.8941,agree_ridge_mlp,16
554,banana in black bowl,robot_3cam,232,2.4620,0.8933,0.9179,0.0085,False,0.7622,0.6435,0.8406,0.8933,agree_ridge_mlp,17
558,banana in black bowl,robot_3cam,240,2.3334,0.8929,0.9381,0.0089,False,0.7075,0.7062,0.7814,0.8929,agree_ridge_mlp,18
560,banana in black bowl,robot_3cam,232,2.5894,0.8898,0.7698,0.0077,False,0.7744,0.3930,0.8413,0.8898,agree_ridge_mlp,19
534,banana in black bowl,robot_3cam,273,2.6111,0.8892,0.9602,0.0091,False,0.6821,0.6674,0.7597,0.8892,agree_ridge_mlp,20
541,banana in black bowl,robot_3cam,254,2.1914,0.8874,0.9079,0.0077,False,0.7111,0.6899,0.8012,0.8874,agree_ridge_mlp,21
540,banana in black bowl,robot_3cam,299,2.6594,0.8865,0.8986,0.0084,False,0.6495,0.7784,0.7440,0.8865,agree_ridge_mlp,22
549,banana in black bowl,robot_3cam,239,2.2117,0.8855,0.9365,0.0087,True,0.6478,0.4422,0.7446,0.8855,agree_ridge_mlp,23
548,banana in black bowl,robot_3cam,254,2.4595,0.8832,0.9583,0.0089,False,0.7175,0.6223,0.7910,0.8832,agree_ridge_mlp,24
564,banana in black bowl,robot_3cam,287,2.9444,0.8776,0.7603,0.0088,False,0.6928,0.5632,0.7874,0.8776,agree_ridge_mlp,25
578,banana in black bowl,robot_3cam,256,2.2605,0.8768,0.9463,0.0083,False,0.7563,0.7281,0.8095,0.8768,agree_ridge_mlp,26
573,banana in black bowl,robot_3cam,229,2.4676,0.8760,0.8945,0.0088,False,0.7169,0.6581,0.7872,0.8760,agree_ridge_mlp,27
546,banana in black bowl,robot_3cam,244,2.6206,0.8748,0.8631,0.0082,False,0.7233,0.5273,0.8071,0.8748,agree_ridge_mlp,28
556,banana in black bowl,robot_3cam,222,2.3992,0.8735,0.9015,0.0078,False,0.6889,0.5025,0.7828,0.8735,agree_ridge_mlp,29
543,banana in black bowl,robot_3cam,262,2.6397,0.8656,0.7997,0.0090,True,0.5885,0.5100,0.7647,0.8656,agree_ridge_mlp,30
576,banana in black bowl,robot_3cam,234,2.7445,0.8581,0.9122,0.0086,False,0.5691,0.5619,0.7563,0.8581,agree_ridge_mlp,31
563,banana in black bowl,robot_3cam,252,2.4795,0.8574,0.8217,0.0078,False,0.7035,0.4441,0.7595,0.8574,agree_ridge_mlp,32
572,banana in black bowl,robot_3cam,243,2.6374,0.8571,0.9181,0.0094,False,0.5354,0.6184,0.7521,0.8571,agree_ridge_mlp,33
575,banana in black bowl,robot_3cam,238,2.3610,0.8562,0.7985,0.0077,False,0.7179,0.3695,0.8213,0.8562,agree_ridge_mlp,34
566,banana in black bowl,robot_3cam,241,2.5115,0.8546,0.8551,0.0084,False,0.6677,0.4874,0.7989,0.8546,agree_ridge_mlp,35
557,banana in black bowl,robot_3cam,272,2.6629,0.8523,0.8644,0.0105,False,0.4228,0.4727,0.6969,0.8523,agree_ridge_mlp,36
538,banana in black bowl,robot_3cam,274,2.8630,0.8519,0.6083,0.0097,False,0.3419,0.3718,0.6186,0.8519,agree_ridge_mlp,37
551,banana in black bowl,robot_3cam,233,2.6933,0.8489,0.7937,0.0072,True,0.6384,0.3796,0.8023,0.8489,agree_ridge_mlp,38
552,banana in black bowl,robot_3cam,259,2.5928,0.8441,0.9011,0.0070,False,0.7014,0.5781,0.8067,0.8441,agree_ridge_mlp,39
577,banana in black bowl,robot_3cam,255,2.5320,0.8436,0.7333,0.0076,False,0.3986,-0.1984,0.6798,0.8436,agree_ridge_mlp,40
537,banana in black bowl,robot_3cam,247,2.6511,0.8428,0.9301,0.0092,False,0.5689,0.5721,0.7395,0.8428,agree_ridge_mlp,41
550,banana in black bowl,robot_3cam,223,2.3891,0.8380,0.9038,0.0076,False,0.6869,0.6406,0.8110,0.8380,agree_ridge_mlp,42
536,banana in black bowl,robot_3cam,232,2.3799,0.8246,0.7957,0.0076,False,0.6967,0.3369,0.6800,0.8246,agree_ridge_mlp,43
539,banana in black bowl,robot_3cam,241,2.8015,0.8246,0.8581,0.0079,False,0.6047,0.4723,0.7370,0.8246,agree_ridge_mlp,44
567,banana in black bowl,robot_3cam,250,2.4995,0.8070,0.8358,0.0077,False,0.5254,0.4846,0.7261,0.8070,agree_ridge_mlp,45
535,banana in black bowl,robot_3cam,246,2.5512,0.8001,0.8544,0.0085,False,0.5709,0.5649,0.7105,0.8001,agree_ridge_mlp,46
533,banana in black bowl,robot_3cam,240,2.5132,0.7627,0.7368,0.0068,False,0.1422,0.3610,0.5685,0.7627,agree_ridge_mlp,47
542,banana in black bowl,robot_3cam,235,2.2828,0.7599,0.8415,0.0065,False,0.5603,0.6161,0.6969,0.7599,agree_ridge_mlp,48
531,banana in black bowl,robot_3cam,277,2.3743,0.7443,0.8565,0.0075,False,0.6799,0.5000,0.7767,0.7443,agree_ridge_mlp,49
532,banana in black bowl,robot_3cam,258,2.7311,0.6660,0.6917,0.0067,False,0.4025,0.4727,0.6691,0.6660,agree_ridge_mlp,50
784,banana in cardboard box,video_2cam,239,5.0003,0.9031,0.7603,0.0053,False,,,,0.9031,agree_ridge_mlp,1
790,banana in cardboard box,video_2cam,257,5.1913,0.8912,0.7952,0.0078,False,,,,0.8912,agree_ridge_mlp,2
824,banana in cardboard box,video_2cam,241,4.5394,0.8900,0.7430,0.0066,False,,,,0.8900,agree_ridge_mlp,3
810,banana in cardboard box,video_2cam,247,4.8431,0.8821,0.7575,0.0073,False,,,,0.8821,agree_ridge_mlp,4
830,banana in cardboard box,video_2cam,264,5.0384,0.8767,0.7064,0.0061,False,,,,0.8767,agree_ridge_mlp,5
786,banana in cardboard box,video_2cam,242,5.1190,0.8757,0.7449,0.0072,False,,,,0.8757,agree_ridge_mlp,6
782,banana in cardboard box,video_2cam,233,4.9691,0.8667,0.7510,0.0077,False,,,,0.8667,agree_ridge_mlp,7
792,banana in cardboard box,video_2cam,225,5.0047,0.8607,0.7957,0.0058,False,,,,0.8607,agree_ridge_mlp,8
787,banana in cardboard box,video_2cam,240,5.0642,0.8581,0.6848,0.0065,False,,,,0.8581,agree_ridge_mlp,9
795,banana in cardboard box,video_2cam,223,4.8139,0.8540,0.5528,0.0059,False,,,,0.8540,agree_ridge_mlp,10
811,banana in cardboard box,video_2cam,194,4.9570,0.8505,0.7222,0.0071,False,,,,0.8505,agree_ridge_mlp,11
817,banana in cardboard box,video_2cam,218,4.8763,0.8478,0.6466,0.0080,False,,,,0.8478,agree_ridge_mlp,12
801,banana in cardboard box,video_2cam,225,5.2715,0.8477,0.6925,0.0081,False,,,,0.8477,agree_ridge_mlp,13
798,banana in cardboard box,video_2cam,236,5.2662,0.8469,0.6800,0.0077,False,,,,0.8469,agree_ridge_mlp,14
793,banana in cardboard box,video_2cam,273,5.0675,0.8447,0.7611,0.0057,False,,,,0.8447,agree_ridge_mlp,15
800,banana in cardboard box,video_2cam,233,4.8825,0.8443,0.6828,0.0075,False,,,,0.8443,agree_ridge_mlp,16
815,banana in cardboard box,video_2cam,222,5.0229,0.8438,0.7207,0.0074,False,,,,0.8438,agree_ridge_mlp,17
794,banana in cardboard box,video_2cam,250,5.1897,0.8412,0.8271,0.0056,False,,,,0.8412,agree_ridge_mlp,18
820,banana in cardboard box,video_2cam,187,4.7968,0.8387,0.6415,0.0061,False,,,,0.8387,agree_ridge_mlp,19
789,banana in cardboard box,video_2cam,213,5.4253,0.8386,0.7628,0.0071,False,,,,0.8386,agree_ridge_mlp,20
812,banana in cardboard box,video_2cam,231,4.6285,0.8376,0.6278,0.0054,False,,,,0.8376,agree_ridge_mlp,21
814,banana in cardboard box,video_2cam,231,4.6675,0.8315,0.7482,0.0060,False,,,,0.8315,agree_ridge_mlp,22
799,banana in cardboard box,video_2cam,229,5.1989,0.8283,0.6694,0.0077,False,,,,0.8283,agree_ridge_mlp,23
781,banana in cardboard box,video_2cam,215,5.3391,0.8247,0.7494,0.0061,False,,,,0.8247,agree_ridge_mlp,24
827,banana in cardboard box,video_2cam,246,4.7461,0.8088,0.5773,0.0062,False,,,,0.8088,agree_ridge_mlp,25
825,banana in cardboard box,video_2cam,257,5.0681,0.8065,0.7558,0.0068,False,,,,0.8065,agree_ridge_mlp,26
813,banana in cardboard box,video_2cam,207,5.6638,0.8050,0.8082,0.0077,False,,,,0.8050,agree_ridge_mlp,27
808,banana in cardboard box,video_2cam,237,5.3908,0.8008,0.6290,0.0069,False,,,,0.8008,agree_ridge_mlp,28
802,banana in cardboard box,video_2cam,216,5.2133,0.7945,0.7130,0.0069,False,,,,0.7945,agree_ridge_mlp,29
791,banana in cardboard box,video_2cam,213,4.8604,0.7890,0.6322,0.0064,False,,,,0.7890,agree_ridge_mlp,30
828,banana in cardboard box,video_2cam,276,5.2719,0.7851,0.7813,0.0068,False,,,,0.7851,agree_ridge_mlp,31
797,banana in cardboard box,video_2cam,217,4.7192,0.7848,0.7239,0.0085,False,,,,0.7848,agree_ridge_mlp,32
785,banana in cardboard box,video_2cam,257,5.4629,0.7777,0.6656,0.0068,False,,,,0.7777,agree_ridge_mlp,33
829,banana in cardboard box,video_2cam,226,5.3171,0.7745,0.8056,0.0070,False,,,,0.7745,agree_ridge_mlp,34
818,banana in cardboard box,video_2cam,273,4.5928,0.7712,0.6350,0.0063,False,,,,0.7712,agree_ridge_mlp,35
783,banana in cardboard box,video_2cam,217,5.3272,0.7637,0.6430,0.0063,False,,,,0.7637,agree_ridge_mlp,36
807,banana in cardboard box,video_2cam,231,5.4022,0.7527,0.8360,0.0063,False,,,,0.7527,agree_ridge_mlp,37
796,banana in cardboard box,video_2cam,214,5.3410,0.7343,0.6107,0.0053,False,,,,0.7343,agree_ridge_mlp,38
788,banana in cardboard box,video_2cam,213,5.3482,0.7307,0.6867,0.0066,False,,,,0.7307,agree_ridge_mlp,39
804,banana in cardboard box,video_2cam,192,5.5640,0.7288,0.5734,0.0064,False,,,,0.7288,agree_ridge_mlp,40
809,banana in cardboard box,video_2cam,264,5.3948,0.7236,0.6543,0.0060,False,,,,0.7236,agree_ridge_mlp,41
822,banana in cardboard box,video_2cam,283,5.7179,0.7213,0.5471,0.0060,False,,,,0.7213,agree_ridge_mlp,42
826,banana in cardboard box,video_2cam,240,4.6704,0.7185,0.6612,0.0054,False,,,,0.7185,agree_ridge_mlp,43
821,banana in cardboard box,video_2cam,234,5.2464,0.6985,0.6059,0.0058,False,,,,0.6985,agree_ridge_mlp,44
819,banana in cardboard box,video_2cam,263,5.4508,0.6945,0.7284,0.0070,False,,,,0.6945,agree_ridge_mlp,45
806,banana in cardboard box,video_2cam,217,5.1896,0.6621,0.6344,0.0057,False,,,,0.6621,agree_ridge_mlp,46
816,banana in cardboard box,video_2cam,242,4.8645,0.6600,0.7633,0.0067,False,,,,0.6600,agree_ridge_mlp,47
803,banana in cardboard box,video_2cam,225,5.6915,0.6367,0.7315,0.0067,False,,,,0.6367,agree_ridge_mlp,48
805,banana in cardboard box,video_2cam,198,5.7441,0.6034,0.6098,0.0056,False,,,,0.6034,agree_ridge_mlp,49
823,banana in cardboard box,video_2cam,202,5.2828,0.5278,0.4635,0.0051,False,,,,0.5278,agree_ridge_mlp,50
514,banana in cardboard box,robot_3cam,259,2.3883,0.9414,0.9018,0.0097,False,0.8052,0.6714,0.8343,0.9414,agree_ridge_mlp,1
493,banana in cardboard box,robot_3cam,263,2.5508,0.9381,0.8639,0.0087,False,0.7757,0.6690,0.8410,0.9381,agree_ridge_mlp,2
492,banana in cardboard box,robot_3cam,276,2.2044,0.9171,0.8946,0.0102,False,0.6931,0.7401,0.7835,0.9171,agree_ridge_mlp,3
512,banana in cardboard box,robot_3cam,273,2.4547,0.9057,0.9343,0.0100,False,0.8022,0.8085,0.8357,0.9057,agree_ridge_mlp,4
522,banana in cardboard box,robot_3cam,298,2.2477,0.9030,0.8791,0.0110,False,0.5821,0.6910,0.7205,0.9030,agree_ridge_mlp,5
497,banana in cardboard box,robot_3cam,282,2.2798,0.9019,0.8724,0.0098,True,0.7051,0.5684,0.7384,0.9019,agree_ridge_mlp,6
489,banana in cardboard box,robot_3cam,306,2.9727,0.8984,0.9223,0.0106,False,0.6249,0.7704,0.7452,0.8984,agree_ridge_mlp,7
494,banana in cardboard box,robot_3cam,271,2.4743,0.8982,0.8731,0.0078,True,0.7351,0.6856,0.7919,0.8982,agree_ridge_mlp,8
481,banana in cardboard box,robot_3cam,245,2.8822,0.8980,0.9338,0.0084,False,0.6783,0.6005,0.7681,0.8980,agree_ridge_mlp,9
517,banana in cardboard box,robot_3cam,263,2.3260,0.8962,0.8952,0.0091,False,0.7074,0.6717,0.7633,0.8962,agree_ridge_mlp,10
503,banana in cardboard box,robot_3cam,291,2.3815,0.8959,0.8880,0.0101,False,0.7279,0.6437,0.8105,0.8959,agree_ridge_mlp,11
487,banana in cardboard box,robot_3cam,303,3.0710,0.8919,0.8587,0.0089,False,0.7626,0.5787,0.7925,0.8919,agree_ridge_mlp,12
504,banana in cardboard box,robot_3cam,286,2.5744,0.8881,0.7740,0.0092,False,0.6368,0.4443,0.7556,0.8881,agree_ridge_mlp,13
500,banana in cardboard box,robot_3cam,281,2.5494,0.8837,0.8307,0.0093,False,0.6236,0.6721,0.7513,0.8837,agree_ridge_mlp,14
518,banana in cardboard box,robot_3cam,286,2.1698,0.8830,0.8941,0.0091,False,0.5991,0.6413,0.7549,0.8830,agree_ridge_mlp,15
511,banana in cardboard box,robot_3cam,307,2.3142,0.8819,0.8989,0.0098,False,0.5934,0.7285,0.7880,0.8819,agree_ridge_mlp,16
507,banana in cardboard box,robot_3cam,311,2.1981,0.8816,0.8882,0.0081,False,0.6670,0.4931,0.7905,0.8816,agree_ridge_mlp,17
515,banana in cardboard box,robot_3cam,270,2.1966,0.8763,0.9489,0.0084,False,0.7903,0.8138,0.8146,0.8763,agree_ridge_mlp,18
509,banana in cardboard box,robot_3cam,273,2.7297,0.8710,0.8877,0.0087,False,0.6845,0.5337,0.7748,0.8710,agree_ridge_mlp,19
496,banana in cardboard box,robot_3cam,275,2.5971,0.8690,0.9122,0.0116,False,0.5749,0.7114,0.7352,0.8690,agree_ridge_mlp,20
499,banana in cardboard box,robot_3cam,287,2.7125,0.8685,0.7107,0.0102,True,0.6562,0.4047,0.7264,0.8685,agree_ridge_mlp,21
529,banana in cardboard box,robot_3cam,315,2.8479,0.8679,0.8283,0.0103,True,0.4201,0.6824,0.6499,0.8679,agree_ridge_mlp,22
506,banana in cardboard box,robot_3cam,307,2.8319,0.8641,0.9526,0.0125,False,0.5832,0.5757,0.7245,0.8641,agree_ridge_mlp,23
490,banana in cardboard box,robot_3cam,284,2.8061,0.8607,0.8364,0.0089,True,0.6741,0.7206,0.7579,0.8607,agree_ridge_mlp,24
513,banana in cardboard box,robot_3cam,308,2.7134,0.8567,0.8395,0.0088,False,0.6855,0.7083,0.7370,0.8567,agree_ridge_mlp,25
501,banana in cardboard box,robot_3cam,289,2.2903,0.8535,0.8758,0.0071,False,0.5548,0.5108,0.7513,0.8535,agree_ridge_mlp,26
516,banana in cardboard box,robot_3cam,287,2.2042,0.8531,0.8874,0.0076,False,0.7141,0.6317,0.7859,0.8531,agree_ridge_mlp,27
495,banana in cardboard box,robot_3cam,291,2.5883,0.8481,0.7240,0.0074,False,0.5920,0.3440,0.7272,0.8481,agree_ridge_mlp,28
488,banana in cardboard box,robot_3cam,307,2.6447,0.8477,0.9300,0.0094,False,0.5752,0.5616,0.7256,0.8477,agree_ridge_mlp,29
520,banana in cardboard box,robot_3cam,290,3.0987,0.8439,0.6890,0.0107,False,0.3159,0.3366,0.6255,0.8439,agree_ridge_mlp,30
508,banana in cardboard box,robot_3cam,310,2.7191,0.8431,0.7988,0.0079,False,0.6784,0.3272,0.7928,0.8431,agree_ridge_mlp,31
521,banana in cardboard box,robot_3cam,256,2.9156,0.8416,0.7814,0.0089,False,0.4876,0.1597,0.6962,0.8416,agree_ridge_mlp,32
510,banana in cardboard box,robot_3cam,260,2.5944,0.8415,0.9101,0.0090,False,0.6224,0.5501,0.7288,0.8415,agree_ridge_mlp,33
482,banana in cardboard box,robot_3cam,279,2.9905,0.8298,0.7351,0.0095,False,0.5140,0.5407,0.6821,0.8298,agree_ridge_mlp,34
485,banana in cardboard box,robot_3cam,321,2.8948,0.8231,0.8512,0.0069,False,0.6087,0.3835,0.7419,0.8231,agree_ridge_mlp,35
502,banana in cardboard box,robot_3cam,277,2.7333,0.8222,0.6748,0.0083,False,0.3785,0.2018,0.6449,0.8222,agree_ridge_mlp,36
528,banana in cardboard box,robot_3cam,286,2.7331,0.8205,0.8517,0.0084,True,0.5494,0.5149,0.7461,0.8205,agree_ridge_mlp,37
523,banana in cardboard box,robot_3cam,275,2.2711,0.8194,0.8602,0.0080,False,0.4906,0.5574,0.6898,0.8194,agree_ridge_mlp,38
527,banana in cardboard box,robot_3cam,263,2.7369,0.8139,0.7814,0.0076,False,0.5347,0.3296,0.7227,0.8139,agree_ridge_mlp,39
505,banana in cardboard box,robot_3cam,287,2.7838,0.8133,0.6791,0.0080,False,0.3990,0.2634,0.6482,0.8133,agree_ridge_mlp,40
484,banana in cardboard box,robot_3cam,296,2.9828,0.8046,0.8972,0.0074,False,0.6095,0.4231,0.7441,0.8046,agree_ridge_mlp,41
524,banana in cardboard box,robot_3cam,252,2.6795,0.7887,0.8053,0.0073,False,0.4892,0.4865,0.6619,0.7887,agree_ridge_mlp,42
498,banana in cardboard box,robot_3cam,345,2.5883,0.7865,0.7520,0.0065,False,0.4730,0.1711,0.6626,0.7865,agree_ridge_mlp,43
530,banana in cardboard box,robot_3cam,312,2.4980,0.7668,0.7942,0.0101,False,0.4624,0.6747,0.7089,0.7668,agree_ridge_mlp,44
491,banana in cardboard box,robot_3cam,264,2.4933,0.7574,0.8741,0.0065,False,0.6228,0.4914,0.7755,0.7574,agree_ridge_mlp,45
519,banana in cardboard box,robot_3cam,278,2.4962,0.7469,0.7059,0.0066,False,0.2614,0.5218,0.5814,0.7469,agree_ridge_mlp,46
486,banana in cardboard box,robot_3cam,284,3.0595,0.7266,0.8319,0.0088,True,0.4945,0.4563,0.6473,0.7266,agree_ridge_mlp,47
525,banana in cardboard box,robot_3cam,312,2.6652,0.7239,0.6535,0.0069,False,0.2434,0.2396,0.6126,0.7239,agree_ridge_mlp,48
526,banana in cardboard box,robot_3cam,315,2.5245,0.7174,0.8515,0.0057,False,0.3095,0.1305,0.5910,0.7174,agree_ridge_mlp,49
483,banana in cardboard box,robot_3cam,278,2.7357,0.6325,0.7146,0.0057,False,0.5077,0.3520,0.6213,0.6325,agree_ridge_mlp,50
1647,milk on pink plate,video_2cam,172,4.2549,0.9137,0.7647,0.0069,False,,,,0.9137,agree_ridge_mlp,1
1638,milk on pink plate,video_2cam,161,4.5809,0.9113,0.8277,0.0078,False,,,,0.9113,agree_ridge_mlp,2
1653,milk on pink plate,video_2cam,180,5.2646,0.9102,0.8225,0.0068,False,,,,0.9102,agree_ridge_mlp,3
1636,milk on pink plate,video_2cam,146,4.4754,0.9079,0.8097,0.0069,False,,,,0.9079,agree_ridge_mlp,4
1664,milk on pink plate,video_2cam,178,4.5191,0.9029,0.8086,0.0073,False,,,,0.9029,agree_ridge_mlp,5
1637,milk on pink plate,video_2cam,164,4.7744,0.9012,0.8017,0.0061,False,,,,0.9012,agree_ridge_mlp,6
1641,milk on pink plate,video_2cam,187,5.1947,0.8935,0.8107,0.0067,False,,,,0.8935,agree_ridge_mlp,7
1660,milk on pink plate,video_2cam,245,4.4855,0.8811,0.8952,0.0101,False,,,,0.8811,agree_ridge_mlp,8
1646,milk on pink plate,video_2cam,180,5.0953,0.8809,0.8432,0.0070,False,,,,0.8809,agree_ridge_mlp,9
1642,milk on pink plate,video_2cam,198,4.5149,0.8798,0.7019,0.0058,False,,,,0.8798,agree_ridge_mlp,10
1663,milk on pink plate,video_2cam,199,3.9385,0.8772,0.8023,0.0086,False,,,,0.8772,agree_ridge_mlp,11
1630,milk on pink plate,video_2cam,176,4.2570,0.8769,0.8677,0.0073,False,,,,0.8769,agree_ridge_mlp,12
1666,milk on pink plate,video_2cam,212,4.9949,0.8724,0.7482,0.0076,False,,,,0.8724,agree_ridge_mlp,13
1631,milk on pink plate,video_2cam,160,4.5457,0.8723,0.8740,0.0081,False,,,,0.8723,agree_ridge_mlp,14
1661,milk on pink plate,video_2cam,204,4.4275,0.8708,0.8221,0.0085,False,,,,0.8708,agree_ridge_mlp,15
1643,milk on pink plate,video_2cam,187,4.9115,0.8698,0.7707,0.0079,False,,,,0.8698,agree_ridge_mlp,16
1634,milk on pink plate,video_2cam,169,4.9549,0.8685,0.8478,0.0081,False,,,,0.8685,agree_ridge_mlp,17
1644,milk on pink plate,video_2cam,164,4.8931,0.8676,0.8091,0.0081,False,,,,0.8676,agree_ridge_mlp,18
1640,milk on pink plate,video_2cam,183,4.6606,0.8643,0.8045,0.0060,False,,,,0.8643,agree_ridge_mlp,19
1633,milk on pink plate,video_2cam,171,4.3501,0.8640,0.9054,0.0067,False,,,,0.8640,agree_ridge_mlp,20
1623,milk on pink plate,video_2cam,217,4.3670,0.8601,0.8342,0.0070,False,,,,0.8601,agree_ridge_mlp,21
1662,milk on pink plate,video_2cam,164,4.2896,0.8589,0.7672,0.0070,False,,,,0.8589,agree_ridge_mlp,22
1656,milk on pink plate,video_2cam,183,4.8678,0.8544,0.8215,0.0090,False,,,,0.8544,agree_ridge_mlp,23
1652,milk on pink plate,video_2cam,183,5.1788,0.8472,0.8409,0.0081,False,,,,0.8472,agree_ridge_mlp,24
1632,milk on pink plate,video_2cam,179,4.5268,0.8446,0.7805,0.0052,False,,,,0.8446,agree_ridge_mlp,25
1628,milk on pink plate,video_2cam,188,5.0314,0.8430,0.8043,0.0068,False,,,,0.8430,agree_ridge_mlp,26
1626,milk on pink plate,video_2cam,190,5.3584,0.8408,0.8335,0.0068,False,,,,0.8408,agree_ridge_mlp,27
1668,milk on pink plate,video_2cam,220,4.4874,0.8364,0.7632,0.0064,False,,,,0.8364,agree_ridge_mlp,28
1645,milk on pink plate,video_2cam,171,4.3096,0.8354,0.8162,0.0068,False,,,,0.8354,agree_ridge_mlp,29
1621,milk on pink plate,video_2cam,201,5.2900,0.8353,0.7824,0.0071,False,,,,0.8353,agree_ridge_mlp,30
1655,milk on pink plate,video_2cam,206,4.3129,0.8329,0.7478,0.0076,False,,,,0.8329,agree_ridge_mlp,31
1624,milk on pink plate,video_2cam,190,4.6758,0.8287,0.7925,0.0061,False,,,,0.8287,agree_ridge_mlp,32
1648,milk on pink plate,video_2cam,183,5.8822,0.8286,0.8807,0.0083,False,,,,0.8286,agree_ridge_mlp,33
1658,milk on pink plate,video_2cam,206,4.6995,0.8240,0.8143,0.0086,False,,,,0.8240,agree_ridge_mlp,34
1657,milk on pink plate,video_2cam,234,4.6175,0.8172,0.8112,0.0058,False,,,,0.8172,agree_ridge_mlp,35
1649,milk on pink plate,video_2cam,178,4.8377,0.8118,0.7933,0.0079,False,,,,0.8118,agree_ridge_mlp,36
1659,milk on pink plate,video_2cam,198,4.5687,0.8091,0.8844,0.0073,False,,,,0.8091,agree_ridge_mlp,37
1670,milk on pink plate,video_2cam,230,4.6637,0.8029,0.7229,0.0071,False,,,,0.8029,agree_ridge_mlp,38
1667,milk on pink plate,video_2cam,192,4.4604,0.7983,0.8077,0.0073,False,,,,0.7983,agree_ridge_mlp,39
1650,milk on pink plate,video_2cam,155,4.8083,0.7873,0.8295,0.0083,False,,,,0.7873,agree_ridge_mlp,40
1669,milk on pink plate,video_2cam,182,4.4343,0.7851,0.8018,0.0063,False,,,,0.7851,agree_ridge_mlp,41
1665,milk on pink plate,video_2cam,208,5.2752,0.7840,0.7306,0.0076,False,,,,0.7840,agree_ridge_mlp,42
1635,milk on pink plate,video_2cam,174,4.6548,0.7835,0.5681,0.0059,False,,,,0.7835,agree_ridge_mlp,43
1639,milk on pink plate,video_2cam,221,4.8048,0.7628,0.7342,0.0062,False,,,,0.7628,agree_ridge_mlp,44
1651,milk on pink plate,video_2cam,192,4.5792,0.7589,0.7013,0.0056,False,,,,0.7589,agree_ridge_mlp,45
1622,milk on pink plate,video_2cam,192,4.3396,0.7588,0.8440,0.0061,False,,,,0.7588,agree_ridge_mlp,46
1627,milk on pink plate,video_2cam,197,5.8182,0.7571,0.7340,0.0067,False,,,,0.7571,agree_ridge_mlp,47
1625,milk on pink plate,video_2cam,194,4.3502,0.7187,0.7873,0.0050,False,,,,0.7187,agree_ridge_mlp,48
1629,milk on pink plate,video_2cam,197,4.9751,0.7056,0.6752,0.0053,False,,,,0.7056,agree_ridge_mlp,49
1654,milk on pink plate,video_2cam,142,4.5982,0.6977,0.7147,0.0055,False,,,,0.6977,agree_ridge_mlp,50
620,milk on pink plate,robot_3cam,235,2.5604,0.9658,0.9148,0.0116,False,0.8550,0.8291,0.8778,0.9658,agree_ridge_mlp,1
596,milk on pink plate,robot_3cam,216,2.5310,0.9514,0.9061,0.0125,False,0.7938,0.6598,0.8292,0.9514,agree_ridge_mlp,2
605,milk on pink plate,robot_3cam,252,2.5738,0.9485,0.9141,0.0120,False,0.7781,0.6588,0.8458,0.9485,agree_ridge_mlp,3
600,milk on pink plate,robot_3cam,248,2.3657,0.9479,0.8836,0.0093,False,0.7678,0.5619,0.8521,0.9479,agree_ridge_mlp,4
592,milk on pink plate,robot_3cam,228,2.5833,0.9466,0.9368,0.0107,False,0.8147,0.6839,0.8678,0.9466,agree_ridge_mlp,5
601,milk on pink plate,robot_3cam,239,2.2778,0.9436,0.9736,0.0105,False,0.8274,0.8445,0.8645,0.9436,agree_ridge_mlp,6
617,milk on pink plate,robot_3cam,211,2.3724,0.9432,0.9200,0.0101,False,0.7697,0.8455,0.7878,0.9432,agree_ridge_mlp,7
624,milk on pink plate,robot_3cam,247,2.3501,0.9410,0.8963,0.0102,False,0.6597,0.8143,0.7863,0.9410,agree_ridge_mlp,8
610,milk on pink plate,robot_3cam,224,2.7497,0.9398,0.9591,0.0113,False,0.7906,0.8299,0.8630,0.9398,agree_ridge_mlp,9
626,milk on pink plate,robot_3cam,259,1.9691,0.9384,0.9536,0.0094,False,0.8033,0.8387,0.8286,0.9384,agree_ridge_mlp,10
614,milk on pink plate,robot_3cam,244,2.4355,0.9354,0.9251,0.0089,False,0.8544,0.7277,0.8749,0.9354,agree_ridge_mlp,11
623,milk on pink plate,robot_3cam,239,2.4015,0.9295,0.8878,0.0094,False,0.8029,0.5736,0.8517,0.9295,agree_ridge_mlp,12
583,milk on pink plate,robot_3cam,228,2.3012,0.9288,0.9494,0.0099,False,0.7775,0.6290,0.8327,0.9288,agree_ridge_mlp,13
616,milk on pink plate,robot_3cam,218,2.4654,0.9287,0.9366,0.0099,True,0.7308,0.7755,0.8414,0.9287,agree_ridge_mlp,14
612,milk on pink plate,robot_3cam,229,2.4063,0.9260,0.8871,0.0086,False,0.7792,0.5820,0.8592,0.9260,agree_ridge_mlp,15
613,milk on pink plate,robot_3cam,214,2.4579,0.9250,0.9597,0.0103,False,0.6766,0.7211,0.8043,0.9250,agree_ridge_mlp,16
611,milk on pink plate,robot_3cam,276,2.3026,0.9190,0.9054,0.0097,False,0.7319,0.6689,0.8375,0.9190,agree_ridge_mlp,17
622,milk on pink plate,robot_3cam,250,2.8327,0.9145,0.8844,0.0129,False,0.6386,0.7622,0.7644,0.9145,agree_ridge_mlp,18
618,milk on pink plate,robot_3cam,241,2.6911,0.9133,0.8998,0.0082,True,0.8080,0.5391,0.8114,0.9133,agree_ridge_mlp,19
603,milk on pink plate,robot_3cam,280,2.4477,0.9105,0.8507,0.0080,True,0.7244,0.5357,0.8385,0.9105,agree_ridge_mlp,20
587,milk on pink plate,robot_3cam,222,2.7096,0.9081,0.9057,0.0098,True,0.7064,0.6534,0.7758,0.9081,agree_ridge_mlp,21
602,milk on pink plate,robot_3cam,250,2.2631,0.9065,0.9107,0.0075,False,0.7978,0.6760,0.8439,0.9065,agree_ridge_mlp,22
591,milk on pink plate,robot_3cam,249,2.3991,0.9062,0.8832,0.0079,False,0.7275,0.4586,0.8468,0.9062,agree_ridge_mlp,23
621,milk on pink plate,robot_3cam,243,2.8280,0.9053,0.9072,0.0117,False,0.6734,0.8047,0.8081,0.9053,agree_ridge_mlp,24
625,milk on pink plate,robot_3cam,256,2.5531,0.9048,0.8986,0.0121,False,0.6648,0.7702,0.7470,0.9048,agree_ridge_mlp,25
582,milk on pink plate,robot_3cam,286,2.3898,0.9035,0.9382,0.0085,True,0.7545,0.6661,0.8193,0.9035,agree_ridge_mlp,26
599,milk on pink plate,robot_3cam,253,2.5276,0.8991,0.7913,0.0084,False,0.5481,0.2997,0.7510,0.8991,agree_ridge_mlp,27
595,milk on pink plate,robot_3cam,251,2.2639,0.8980,0.9466,0.0090,False,0.6993,0.5737,0.8198,0.8980,agree_ridge_mlp,28
629,milk on pink plate,robot_3cam,240,2.8869,0.8979,0.8716,0.0083,False,0.6302,0.3890,0.8051,0.8979,agree_ridge_mlp,29
630,milk on pink plate,robot_3cam,243,2.2898,0.8955,0.8940,0.0082,False,0.7265,0.4987,0.8183,0.8955,agree_ridge_mlp,30
586,milk on pink plate,robot_3cam,232,2.1510,0.8932,0.8942,0.0086,True,0.7035,0.6158,0.8055,0.8932,agree_ridge_mlp,31
598,milk on pink plate,robot_3cam,217,2.6214,0.8905,0.9305,0.0102,False,0.6881,0.6580,0.8172,0.8905,agree_ridge_mlp,32
584,milk on pink plate,robot_3cam,248,2.2106,0.8868,0.9502,0.0087,True,0.7751,0.7659,0.8362,0.8868,agree_ridge_mlp,33
589,milk on pink plate,robot_3cam,232,2.2799,0.8850,0.9192,0.0078,False,0.7244,0.5821,0.7978,0.8850,agree_ridge_mlp,34
588,milk on pink plate,robot_3cam,220,2.2902,0.8847,0.9084,0.0080,False,0.6924,0.4847,0.8032,0.8847,agree_ridge_mlp,35
581,milk on pink plate,robot_3cam,261,2.4646,0.8842,0.8914,0.0087,True,0.6275,0.6534,0.7513,0.8842,agree_ridge_mlp,36
615,milk on pink plate,robot_3cam,242,2.6693,0.8818,0.9425,0.0083,False,0.6633,0.5732,0.7940,0.8818,agree_ridge_mlp,37
590,milk on pink plate,robot_3cam,263,2.6747,0.8762,0.7862,0.0081,False,0.7368,0.2212,0.8102,0.8762,agree_ridge_mlp,38
609,milk on pink plate,robot_3cam,254,2.3567,0.8701,0.9221,0.0075,True,0.7424,0.6322,0.8275,0.8701,agree_ridge_mlp,39
619,milk on pink plate,robot_3cam,215,2.8468,0.8671,0.9141,0.0107,False,0.7747,0.6362,0.8282,0.8671,agree_ridge_mlp,40
604,milk on pink plate,robot_3cam,206,2.4772,0.8502,0.9481,0.0085,False,0.6974,0.5840,0.7882,0.8502,agree_ridge_mlp,41
606,milk on pink plate,robot_3cam,229,2.3029,0.8467,0.9309,0.0092,False,0.5922,0.5158,0.7757,0.8467,agree_ridge_mlp,42
594,milk on pink plate,robot_3cam,230,2.4049,0.8286,0.8037,0.0068,False,0.5081,0.2948,0.7397,0.8286,agree_ridge_mlp,43
597,milk on pink plate,robot_3cam,211,2.4995,0.8263,0.9273,0.0082,False,0.5955,0.4632,0.7664,0.8263,agree_ridge_mlp,44
608,milk on pink plate,robot_3cam,241,2.7891,0.8224,0.8701,0.0104,False,0.6646,0.4265,0.7943,0.8224,agree_ridge_mlp,45
628,milk on pink plate,robot_3cam,195,2.4440,0.8132,0.8915,0.0055,False,0.4693,0.4136,0.7416,0.8132,agree_ridge_mlp,46
607,milk on pink plate,robot_3cam,243,2.3333,0.8131,0.8496,0.0080,False,0.5136,0.3656,0.7459,0.8131,agree_ridge_mlp,47
585,milk on pink plate,robot_3cam,256,2.3051,0.7957,0.9279,0.0076,False,0.7327,0.5868,0.8209,0.7957,agree_ridge_mlp,48
627,milk on pink plate,robot_3cam,219,2.3243,0.7742,0.8697,0.0070,False,0.5536,0.4019,0.7718,0.7742,agree_ridge_mlp,49
593,milk on pink plate,robot_3cam,218,2.5250,0.7540,0.8261,0.0085,False,0.6489,0.1981,0.8124,0.7540,agree_ridge_mlp,50
1700,salt on pink plate,video_2cam,206,4.2273,0.9359,0.8790,0.0094,False,,,,0.9359,agree_ridge_mlp,1
1704,salt on pink plate,video_2cam,195,4.9379,0.9328,0.8787,0.0089,False,,,,0.9328,agree_ridge_mlp,2
1701,salt on pink plate,video_2cam,219,5.2742,0.9088,0.8767,0.0093,False,,,,0.9088,agree_ridge_mlp,3
1719,salt on pink plate,video_2cam,185,5.3231,0.9060,0.8057,0.0068,False,,,,0.9060,agree_ridge_mlp,4
1714,salt on pink plate,video_2cam,184,5.2278,0.9045,0.8317,0.0074,False,,,,0.9045,agree_ridge_mlp,5
1703,salt on pink plate,video_2cam,180,4.3130,0.8983,0.8641,0.0073,False,,,,0.8983,agree_ridge_mlp,6
1698,salt on pink plate,video_2cam,167,4.3542,0.8982,0.8844,0.0081,False,,,,0.8982,agree_ridge_mlp,7
1687,salt on pink plate,video_2cam,203,5.3716,0.8915,0.8302,0.0078,False,,,,0.8915,agree_ridge_mlp,8
1707,salt on pink plate,video_2cam,190,4.5033,0.8904,0.7916,0.0064,False,,,,0.8904,agree_ridge_mlp,9
1706,salt on pink plate,video_2cam,180,4.3929,0.8832,0.7506,0.0067,False,,,,0.8832,agree_ridge_mlp,10
1708,salt on pink plate,video_2cam,194,5.0358,0.8799,0.7473,0.0059,False,,,,0.8799,agree_ridge_mlp,11
1691,salt on pink plate,video_2cam,169,4.5916,0.8789,0.7944,0.0070,False,,,,0.8789,agree_ridge_mlp,12
1697,salt on pink plate,video_2cam,188,5.3149,0.8737,0.8396,0.0066,False,,,,0.8737,agree_ridge_mlp,13
1689,salt on pink plate,video_2cam,182,5.2168,0.8736,0.8340,0.0065,False,,,,0.8736,agree_ridge_mlp,14
1683,salt on pink plate,video_2cam,188,4.8341,0.8724,0.7178,0.0063,False,,,,0.8724,agree_ridge_mlp,15
1686,salt on pink plate,video_2cam,197,4.8375,0.8669,0.8663,0.0084,False,,,,0.8669,agree_ridge_mlp,16
1702,salt on pink plate,video_2cam,168,5.2166,0.8622,0.9191,0.0084,False,,,,0.8622,agree_ridge_mlp,17
1682,salt on pink plate,video_2cam,220,4.8702,0.8593,0.6779,0.0065,False,,,,0.8593,agree_ridge_mlp,18
1699,salt on pink plate,video_2cam,203,4.5139,0.8590,0.6572,0.0062,False,,,,0.8590,agree_ridge_mlp,19
1690,salt on pink plate,video_2cam,171,4.4500,0.8579,0.8396,0.0082,False,,,,0.8579,agree_ridge_mlp,20
1678,salt on pink plate,video_2cam,193,4.9048,0.8551,0.8650,0.0085,False,,,,0.8551,agree_ridge_mlp,21
1671,salt on pink plate,video_2cam,174,4.8626,0.8527,0.8524,0.0068,False,,,,0.8527,agree_ridge_mlp,22
1680,salt on pink plate,video_2cam,219,4.7534,0.8525,0.7148,0.0053,False,,,,0.8525,agree_ridge_mlp,23
1705,salt on pink plate,video_2cam,180,5.1099,0.8520,0.8523,0.0079,False,,,,0.8520,agree_ridge_mlp,24
1718,salt on pink plate,video_2cam,196,5.3920,0.8484,0.8094,0.0073,False,,,,0.8484,agree_ridge_mlp,25
1676,salt on pink plate,video_2cam,194,4.6672,0.8456,0.7467,0.0063,False,,,,0.8456,agree_ridge_mlp,26
1709,salt on pink plate,video_2cam,210,4.9731,0.8444,0.7443,0.0066,False,,,,0.8444,agree_ridge_mlp,27
1688,salt on pink plate,video_2cam,177,5.3008,0.8309,0.8488,0.0055,False,,,,0.8309,agree_ridge_mlp,28
1679,salt on pink plate,video_2cam,171,4.5752,0.8288,0.8224,0.0071,False,,,,0.8288,agree_ridge_mlp,29
1672,salt on pink plate,video_2cam,159,5.0962,0.8189,0.6928,0.0059,False,,,,0.8189,agree_ridge_mlp,30
1710,salt on pink plate,video_2cam,225,5.0503,0.8186,0.8131,0.0058,False,,,,0.8186,agree_ridge_mlp,31
1696,salt on pink plate,video_2cam,175,5.8575,0.8118,0.8109,0.0065,False,,,,0.8118,agree_ridge_mlp,32
1685,salt on pink plate,video_2cam,196,4.7702,0.8076,0.8391,0.0074,False,,,,0.8076,agree_ridge_mlp,33
1673,salt on pink plate,video_2cam,163,4.8272,0.8033,0.7542,0.0062,False,,,,0.8033,agree_ridge_mlp,34
1692,salt on pink plate,video_2cam,208,4.7053,0.7943,0.8243,0.0077,False,,,,0.7943,agree_ridge_mlp,35
1695,salt on pink plate,video_2cam,201,5.2623,0.7929,0.6617,0.0071,False,,,,0.7929,agree_ridge_mlp,36
1693,salt on pink plate,video_2cam,226,4.5465,0.7891,0.7163,0.0059,False,,,,0.7891,agree_ridge_mlp,37
1715,salt on pink plate,video_2cam,207,4.9972,0.7770,0.6090,0.0048,False,,,,0.7770,agree_ridge_mlp,38
1717,salt on pink plate,video_2cam,184,5.0186,0.7693,0.7572,0.0060,False,,,,0.7693,agree_ridge_mlp,39
1694,salt on pink plate,video_2cam,207,4.8832,0.7674,0.7773,0.0078,False,,,,0.7674,agree_ridge_mlp,40
1720,salt on pink plate,video_2cam,229,5.4606,0.7609,0.7709,0.0055,False,,,,0.7609,agree_ridge_mlp,41
1681,salt on pink plate,video_2cam,201,5.0211,0.7429,0.6589,0.0062,False,,,,0.7429,agree_ridge_mlp,42
1674,salt on pink plate,video_2cam,171,4.6516,0.7312,0.6776,0.0049,False,,,,0.7312,agree_ridge_mlp,43
1677,salt on pink plate,video_2cam,179,4.5673,0.7284,0.7477,0.0059,False,,,,0.7284,agree_ridge_mlp,44
1711,salt on pink plate,video_2cam,167,4.9505,0.7242,0.7067,0.0045,False,,,,0.7242,agree_ridge_mlp,45
1716,salt on pink plate,video_2cam,193,5.1528,0.7236,0.6129,0.0059,False,,,,0.7236,agree_ridge_mlp,46
1684,salt on pink plate,video_2cam,179,4.6853,0.7172,0.6578,0.0059,False,,,,0.7172,agree_ridge_mlp,47
1713,salt on pink plate,video_2cam,179,5.1485,0.6826,0.7414,0.0051,False,,,,0.6826,agree_ridge_mlp,48
1712,salt on pink plate,video_2cam,196,5.1646,0.6096,0.5345,0.0044,False,,,,0.6096,agree_ridge_mlp,49
1675,salt on pink plate,video_2cam,189,4.6968,0.5752,0.5840,0.0040,False,,,,0.5752,agree_ridge_mlp,50
655,salt on pink plate,robot_3cam,249,2.4441,0.9543,0.9584,0.0123,False,0.8419,0.8734,0.8443,0.9543,agree_ridge_mlp,1
664,salt on pink plate,robot_3cam,263,2.2797,0.9482,0.8984,0.0103,False,0.6731,0.7160,0.7762,0.9482,agree_ridge_mlp,2
662,salt on pink plate,robot_3cam,271,2.2023,0.9449,0.9113,0.0113,False,0.6950,0.8007,0.8123,0.9449,agree_ridge_mlp,3
632,salt on pink plate,robot_3cam,232,2.3146,0.9409,0.8738,0.0075,True,0.6288,0.5049,0.7751,0.9409,agree_ridge_mlp,4
648,salt on pink plate,robot_3cam,247,2.3844,0.9384,0.9184,0.0087,True,0.8452,0.7295,0.8499,0.9384,agree_ridge_mlp,5
670,salt on pink plate,robot_3cam,224,1.8747,0.9371,0.9298,0.0095,False,0.8449,0.7490,0.7700,0.9371,agree_ridge_mlp,6
676,salt on pink plate,robot_3cam,262,2.4871,0.9357,0.9199,0.0112,True,0.6787,0.7415,0.7824,0.9357,agree_ridge_mlp,7
641,salt on pink plate,robot_3cam,245,2.5362,0.9322,0.8983,0.0094,False,0.7792,0.5554,0.8384,0.9322,agree_ridge_mlp,8
653,salt on pink plate,robot_3cam,239,2.5896,0.9304,0.8809,0.0091,True,0.6585,0.4819,0.7848,0.9304,agree_ridge_mlp,9
644,salt on pink plate,robot_3cam,264,2.6789,0.9295,0.9252,0.0105,True,0.7408,0.6645,0.8423,0.9295,agree_ridge_mlp,10
661,salt on pink plate,robot_3cam,239,2.1520,0.9279,0.8842,0.0098,False,0.8455,0.7068,0.8460,0.9279,agree_ridge_mlp,11
658,salt on pink plate,robot_3cam,239,2.1601,0.9257,0.9135,0.0094,False,0.6624,0.7906,0.7634,0.9257,agree_ridge_mlp,12
645,salt on pink plate,robot_3cam,264,2.1565,0.9243,0.9515,0.0084,False,0.6347,0.5715,0.7455,0.9243,agree_ridge_mlp,13
651,salt on pink plate,robot_3cam,250,2.1341,0.9230,0.9416,0.0093,False,0.8031,0.7376,0.7801,0.9230,agree_ridge_mlp,14
656,salt on pink plate,robot_3cam,241,2.4799,0.9161,0.8800,0.0084,False,0.7182,0.4734,0.8094,0.9161,agree_ridge_mlp,15
669,salt on pink plate,robot_3cam,264,2.7507,0.9153,0.9083,0.0106,False,0.8047,0.6615,0.7999,0.9153,agree_ridge_mlp,16
667,salt on pink plate,robot_3cam,270,2.6320,0.9103,0.7986,0.0095,False,0.6314,0.4565,0.7746,0.9103,agree_ridge_mlp,17
675,salt on pink plate,robot_3cam,249,2.5405,0.9048,0.9019,0.0096,False,0.7948,0.7220,0.8457,0.9048,agree_ridge_mlp,18
639,salt on pink plate,robot_3cam,223,2.4955,0.9046,0.9631,0.0103,False,0.7320,0.7053,0.8345,0.9046,agree_ridge_mlp,19
636,salt on pink plate,robot_3cam,223,2.0390,0.9036,0.9374,0.0078,False,0.6061,0.5315,0.7633,0.9036,agree_ridge_mlp,20
638,salt on pink plate,robot_3cam,237,2.3050,0.9018,0.8659,0.0084,False,0.7267,0.4289,0.8020,0.9018,agree_ridge_mlp,21
650,salt on pink plate,robot_3cam,254,2.0280,0.9005,0.8774,0.0071,False,0.7711,0.5504,0.8132,0.9005,agree_ridge_mlp,22
634,salt on pink plate,robot_3cam,251,2.4482,0.8990,0.9248,0.0082,True,0.7969,0.6572,0.8502,0.8990,agree_ridge_mlp,23
660,salt on pink plate,robot_3cam,259,3.0716,0.8974,0.8327,0.0104,False,0.5962,0.5127,0.7244,0.8974,agree_ridge_mlp,24
640,salt on pink plate,robot_3cam,226,2.4050,0.8966,0.9471,0.0091,False,0.7626,0.6655,0.8255,0.8966,agree_ridge_mlp,25
666,salt on pink plate,robot_3cam,277,2.6089,0.8948,0.8528,0.0094,False,0.6647,0.6428,0.7815,0.8948,agree_ridge_mlp,26
643,salt on pink plate,robot_3cam,247,2.3958,0.8920,0.9487,0.0102,False,0.6600,0.7007,0.8048,0.8920,agree_ridge_mlp,27
663,salt on pink plate,robot_3cam,232,2.7375,0.8897,0.8725,0.0114,False,0.5593,0.3537,0.6558,0.8897,agree_ridge_mlp,28
652,salt on pink plate,robot_3cam,236,2.3599,0.8883,0.9240,0.0080,False,0.7416,0.5773,0.8082,0.8883,agree_ridge_mlp,29
646,salt on pink plate,robot_3cam,245,2.3664,0.8805,0.9558,0.0103,False,0.6741,0.6063,0.8176,0.8805,agree_ridge_mlp,30
635,salt on pink plate,robot_3cam,248,2.2917,0.8776,0.8489,0.0078,False,0.5687,0.3721,0.7616,0.8776,agree_ridge_mlp,31
680,salt on pink plate,robot_3cam,246,2.3090,0.8769,0.8444,0.0080,False,0.5128,0.2227,0.7170,0.8769,agree_ridge_mlp,32
673,salt on pink plate,robot_3cam,224,2.2384,0.8743,0.8638,0.0080,False,0.6143,0.4915,0.7657,0.8743,agree_ridge_mlp,33
674,salt on pink plate,robot_3cam,248,2.4472,0.8686,0.7935,0.0086,False,0.5770,0.1572,0.7621,0.8686,agree_ridge_mlp,34
647,salt on pink plate,robot_3cam,235,2.1547,0.8599,0.9236,0.0072,False,0.5770,0.5167,0.7647,0.8599,agree_ridge_mlp,35
678,salt on pink plate,robot_3cam,212,2.7511,0.8543,0.8311,0.0079,False,0.7105,0.4702,0.8105,0.8543,agree_ridge_mlp,36
649,salt on pink plate,robot_3cam,208,2.5192,0.8473,0.9536,0.0077,True,0.6083,0.4699,0.7765,0.8473,agree_ridge_mlp,37
677,salt on pink plate,robot_3cam,241,2.4599,0.8365,0.9024,0.0082,True,0.4289,0.3780,0.7078,0.8365,agree_ridge_mlp,38
659,salt on pink plate,robot_3cam,292,3.1881,0.8322,0.7505,0.0076,False,0.5128,0.2858,0.7250,0.8322,agree_ridge_mlp,39
672,salt on pink plate,robot_3cam,263,2.6444,0.8319,0.7574,0.0080,True,0.5855,0.1724,0.7659,0.8319,agree_ridge_mlp,40
657,salt on pink plate,robot_3cam,267,2.8220,0.8312,0.8925,0.0108,False,0.5462,0.4709,0.7276,0.8312,agree_ridge_mlp,41
633,salt on pink plate,robot_3cam,238,2.3902,0.8297,0.9296,0.0084,False,0.6205,0.6286,0.7771,0.8297,agree_ridge_mlp,42
631,salt on pink plate,robot_3cam,240,2.0461,0.8256,0.9430,0.0079,True,0.6977,0.5027,0.8041,0.8256,agree_ridge_mlp,43
665,salt on pink plate,robot_3cam,259,2.4464,0.8162,0.9329,0.0102,False,0.5720,0.5209,0.7427,0.8162,agree_ridge_mlp,44
671,salt on pink plate,robot_3cam,282,2.3267,0.8099,0.8919,0.0080,False,0.4624,0.3054,0.7031,0.8099,agree_ridge_mlp,45
679,salt on pink plate,robot_3cam,249,2.5497,0.7930,0.6126,0.0073,False,0.3997,-0.3158,0.7004,0.7930,agree_ridge_mlp,46
668,salt on pink plate,robot_3cam,252,2.4474,0.7880,0.7667,0.0081,True,0.2887,-0.1641,0.6596,0.7880,agree_ridge_mlp,47
642,salt on pink plate,robot_3cam,195,2.2752,0.7879,0.9162,0.0066,True,0.4391,0.3940,0.6955,0.7879,agree_ridge_mlp,48
637,salt on pink plate,robot_3cam,245,2.0580,0.7769,0.8694,0.0070,True,0.4904,0.1858,0.7483,0.7769,agree_ridge_mlp,49
654,salt on pink plate,robot_3cam,226,2.4673,0.7452,0.9201,0.0073,True,0.6216,0.5056,0.7541,0.7452,agree_ridge_mlp,50
