# LIBERO scaling sweeps as shown in the paper's scaling table (tab:data_scaling_combined,
# the version of 2026-10-02), one dump for the three-panel figure libero_scaling_row.
# split: nonh = 32 in-distribution tasks, h = 8 held-out tasks; mean over the split's
# tasks, 100 rollouts/task, eval seed 1000, success = sum_rewards > 0, n_action_steps=10,
# ckpt 070000. Values are the table's own (1-decimal percent), stored as fractions in [0, 1].
# Arms: action_only_sr = pure action-only (training_mode=action, zero latents, raw pool);
#       video_sr = + LAM (ours), LAM-1 teacher recipe (lam1o5, offsets [5], idx0).
# sweep = budget (x = action-labeled Panda episodes per task; LIBERO-90 100%):
#   action_only: LEONARDO 58660710 (1, train seed 1000), 58596984 (5, s1000),
#                58660942 (10, s1000), 58661248 (20, train seed 1002)
#   video: LEONARDO 58773622 (1), MN5 46836540 (5), 46836541 (10), 46836542 (20)
# sweep = play (x = % of LIBERO-90 as play data; 5 eps/task):
#   action_only: MN5 46833329 (0), 46833330 (33), 46833331 (66), LEONARDO 58596984 (100)
#   video: MN5 44302385 (0), 44161091 (33), 45008741 (66), 46836540 (100)
# sweep = xemb (x = # cross-embodiments in video pretraining: 1 = iiwa, 2 = +kinova3,
#   4 = +ur5e, sawyer; 5 eps/task): video only (action-only has no cross-emb axis):
#   MN5 44222480 (1), 46836540 (2), 44222483 (4)
# Cells shared by construction: budget 5 == play 100 == xemb 2 (same config, same run).
sweep,x,split,action_only_sr,video_sr
budget,1,nonh,0.439,0.558
budget,5,nonh,0.648,0.668
budget,10,nonh,0.702,0.695
budget,20,nonh,0.756,0.763
budget,1,h,0.031,0.293
budget,5,h,0.040,0.430
budget,10,h,0.024,0.486
budget,20,h,0.055,0.471
play,0,nonh,0.588,0.666
play,33,nonh,0.585,0.641
play,66,nonh,0.604,0.657
play,100,nonh,0.648,0.668
play,0,h,0.005,0.279
play,33,h,0.001,0.418
play,66,h,0.018,0.461
play,100,h,0.040,0.430
xemb,1,nonh,,0.636
xemb,2,nonh,,0.668
xemb,4,nonh,,0.697
xemb,1,h,,0.583
xemb,2,h,,0.430
xemb,4,h,,0.589
