benchmark,method,teacher_job,ckpt_step,probe,target,action_dim,dim_name,r2,n_train,n_test,source_dir,note
realworld,ours_multi,43524549,30000,mlp,current_action,0,dx,0.472344,119983,36067,sharedlam2full_dino768d6_ckpt030000_idx1_robot3cam_h5_probe,"front+side (multi-view) DINO768d6 LAM, 30k, sharedlam2"
realworld,ours_multi,43524549,30000,mlp,current_action,1,dy,0.846036,119983,36067,sharedlam2full_dino768d6_ckpt030000_idx1_robot3cam_h5_probe,"front+side (multi-view) DINO768d6 LAM, 30k, sharedlam2"
realworld,ours_multi,43524549,30000,mlp,current_action,2,dz,0.881056,119983,36067,sharedlam2full_dino768d6_ckpt030000_idx1_robot3cam_h5_probe,"front+side (multi-view) DINO768d6 LAM, 30k, sharedlam2"
realworld,ours_multi,43524549,30000,mlp,current_action,3,droll,0.442083,119983,36067,sharedlam2full_dino768d6_ckpt030000_idx1_robot3cam_h5_probe,"front+side (multi-view) DINO768d6 LAM, 30k, sharedlam2"
realworld,ours_multi,43524549,30000,mlp,current_action,4,dpitch,0.381155,119983,36067,sharedlam2full_dino768d6_ckpt030000_idx1_robot3cam_h5_probe,"front+side (multi-view) DINO768d6 LAM, 30k, sharedlam2"
realworld,ours_multi,43524549,30000,mlp,current_action,5,dyaw,0.833656,119983,36067,sharedlam2full_dino768d6_ckpt030000_idx1_robot3cam_h5_probe,"front+side (multi-view) DINO768d6 LAM, 30k, sharedlam2"
realworld,ours_multi,43524549,30000,mlp,current_action,6,gripper,0.481007,119983,36067,sharedlam2full_dino768d6_ckpt030000_idx1_robot3cam_h5_probe,"front+side (multi-view) DINO768d6 LAM, 30k, sharedlam2"
realworld,ours_multi,43524549,30000,mlp,future_action_mean,0,dx,0.494107,119983,36067,sharedlam2full_dino768d6_ckpt030000_idx1_robot3cam_h5_probe,"front+side (multi-view) DINO768d6 LAM, 30k, sharedlam2"
realworld,ours_multi,43524549,30000,mlp,future_action_mean,1,dy,0.854199,119983,36067,sharedlam2full_dino768d6_ckpt030000_idx1_robot3cam_h5_probe,"front+side (multi-view) DINO768d6 LAM, 30k, sharedlam2"
realworld,ours_multi,43524549,30000,mlp,future_action_mean,2,dz,0.889332,119983,36067,sharedlam2full_dino768d6_ckpt030000_idx1_robot3cam_h5_probe,"front+side (multi-view) DINO768d6 LAM, 30k, sharedlam2"
realworld,ours_multi,43524549,30000,mlp,future_action_mean,3,droll,0.452437,119983,36067,sharedlam2full_dino768d6_ckpt030000_idx1_robot3cam_h5_probe,"front+side (multi-view) DINO768d6 LAM, 30k, sharedlam2"
realworld,ours_multi,43524549,30000,mlp,future_action_mean,4,dpitch,0.388698,119983,36067,sharedlam2full_dino768d6_ckpt030000_idx1_robot3cam_h5_probe,"front+side (multi-view) DINO768d6 LAM, 30k, sharedlam2"
realworld,ours_multi,43524549,30000,mlp,future_action_mean,5,dyaw,0.84437,119983,36067,sharedlam2full_dino768d6_ckpt030000_idx1_robot3cam_h5_probe,"front+side (multi-view) DINO768d6 LAM, 30k, sharedlam2"
realworld,ours_multi,43524549,30000,mlp,future_action_mean,6,gripper,0.480552,119983,36067,sharedlam2full_dino768d6_ckpt030000_idx1_robot3cam_h5_probe,"front+side (multi-view) DINO768d6 LAM, 30k, sharedlam2"
realworld,ours_multi,43524549,30000,ridge,current_action,0,dx,0.304774,119983,36067,sharedlam2full_dino768d6_ckpt030000_idx1_robot3cam_h5_probe,"front+side (multi-view) DINO768d6 LAM, 30k, sharedlam2"
realworld,ours_multi,43524549,30000,ridge,current_action,1,dy,0.593342,119983,36067,sharedlam2full_dino768d6_ckpt030000_idx1_robot3cam_h5_probe,"front+side (multi-view) DINO768d6 LAM, 30k, sharedlam2"
realworld,ours_multi,43524549,30000,ridge,current_action,2,dz,0.698338,119983,36067,sharedlam2full_dino768d6_ckpt030000_idx1_robot3cam_h5_probe,"front+side (multi-view) DINO768d6 LAM, 30k, sharedlam2"
realworld,ours_multi,43524549,30000,ridge,current_action,3,droll,0.353928,119983,36067,sharedlam2full_dino768d6_ckpt030000_idx1_robot3cam_h5_probe,"front+side (multi-view) DINO768d6 LAM, 30k, sharedlam2"
realworld,ours_multi,43524549,30000,ridge,current_action,4,dpitch,0.238439,119983,36067,sharedlam2full_dino768d6_ckpt030000_idx1_robot3cam_h5_probe,"front+side (multi-view) DINO768d6 LAM, 30k, sharedlam2"
realworld,ours_multi,43524549,30000,ridge,current_action,5,dyaw,0.622488,119983,36067,sharedlam2full_dino768d6_ckpt030000_idx1_robot3cam_h5_probe,"front+side (multi-view) DINO768d6 LAM, 30k, sharedlam2"
realworld,ours_multi,43524549,30000,ridge,current_action,6,gripper,0.245341,119983,36067,sharedlam2full_dino768d6_ckpt030000_idx1_robot3cam_h5_probe,"front+side (multi-view) DINO768d6 LAM, 30k, sharedlam2"
realworld,ours_multi,43524549,30000,ridge,future_action_mean,0,dx,0.338883,119983,36067,sharedlam2full_dino768d6_ckpt030000_idx1_robot3cam_h5_probe,"front+side (multi-view) DINO768d6 LAM, 30k, sharedlam2"
realworld,ours_multi,43524549,30000,ridge,future_action_mean,1,dy,0.609277,119983,36067,sharedlam2full_dino768d6_ckpt030000_idx1_robot3cam_h5_probe,"front+side (multi-view) DINO768d6 LAM, 30k, sharedlam2"
realworld,ours_multi,43524549,30000,ridge,future_action_mean,2,dz,0.720504,119983,36067,sharedlam2full_dino768d6_ckpt030000_idx1_robot3cam_h5_probe,"front+side (multi-view) DINO768d6 LAM, 30k, sharedlam2"
realworld,ours_multi,43524549,30000,ridge,future_action_mean,3,droll,0.366628,119983,36067,sharedlam2full_dino768d6_ckpt030000_idx1_robot3cam_h5_probe,"front+side (multi-view) DINO768d6 LAM, 30k, sharedlam2"
realworld,ours_multi,43524549,30000,ridge,future_action_mean,4,dpitch,0.257527,119983,36067,sharedlam2full_dino768d6_ckpt030000_idx1_robot3cam_h5_probe,"front+side (multi-view) DINO768d6 LAM, 30k, sharedlam2"
realworld,ours_multi,43524549,30000,ridge,future_action_mean,5,dyaw,0.640749,119983,36067,sharedlam2full_dino768d6_ckpt030000_idx1_robot3cam_h5_probe,"front+side (multi-view) DINO768d6 LAM, 30k, sharedlam2"
realworld,ours_multi,43524549,30000,ridge,future_action_mean,6,gripper,0.246815,119983,36067,sharedlam2full_dino768d6_ckpt030000_idx1_robot3cam_h5_probe,"front+side (multi-view) DINO768d6 LAM, 30k, sharedlam2"
realworld,ours_multi,43524549,30000,mlp,current_action,-1,mean,0.619619,119983,36067,sharedlam2full_dino768d6_ckpt030000_idx1_robot3cam_h5_probe,"front+side (multi-view) DINO768d6 LAM, 30k, sharedlam2"
realworld,ours_multi,43524549,30000,mlp,future_action_mean,-1,mean,0.629099,119983,36067,sharedlam2full_dino768d6_ckpt030000_idx1_robot3cam_h5_probe,"front+side (multi-view) DINO768d6 LAM, 30k, sharedlam2"
realworld,ours_multi,43524549,30000,ridge,current_action,-1,mean,0.436664,119983,36067,sharedlam2full_dino768d6_ckpt030000_idx1_robot3cam_h5_probe,"front+side (multi-view) DINO768d6 LAM, 30k, sharedlam2"
realworld,ours_multi,43524549,30000,ridge,future_action_mean,-1,mean,0.45434,119983,36067,sharedlam2full_dino768d6_ckpt030000_idx1_robot3cam_h5_probe,"front+side (multi-view) DINO768d6 LAM, 30k, sharedlam2"
realworld,ours_single,44160743,30000,mlp,current_action,0,dx,0.756769,119983,36067,sharedlam3sidefull_dino768d6_ckpt030000_idx1_robot3cam_h5_probe,"side-only (single-view) DINO768d6 LAM, 30k, sharedlam3"
realworld,ours_single,44160743,30000,mlp,current_action,1,dy,0.848128,119983,36067,sharedlam3sidefull_dino768d6_ckpt030000_idx1_robot3cam_h5_probe,"side-only (single-view) DINO768d6 LAM, 30k, sharedlam3"
realworld,ours_single,44160743,30000,mlp,current_action,2,dz,0.934644,119983,36067,sharedlam3sidefull_dino768d6_ckpt030000_idx1_robot3cam_h5_probe,"side-only (single-view) DINO768d6 LAM, 30k, sharedlam3"
realworld,ours_single,44160743,30000,mlp,current_action,3,droll,0.439497,119983,36067,sharedlam3sidefull_dino768d6_ckpt030000_idx1_robot3cam_h5_probe,"side-only (single-view) DINO768d6 LAM, 30k, sharedlam3"
realworld,ours_single,44160743,30000,mlp,current_action,4,dpitch,0.427896,119983,36067,sharedlam3sidefull_dino768d6_ckpt030000_idx1_robot3cam_h5_probe,"side-only (single-view) DINO768d6 LAM, 30k, sharedlam3"
realworld,ours_single,44160743,30000,mlp,current_action,5,dyaw,0.869612,119983,36067,sharedlam3sidefull_dino768d6_ckpt030000_idx1_robot3cam_h5_probe,"side-only (single-view) DINO768d6 LAM, 30k, sharedlam3"
realworld,ours_single,44160743,30000,mlp,current_action,6,gripper,0.468738,119983,36067,sharedlam3sidefull_dino768d6_ckpt030000_idx1_robot3cam_h5_probe,"side-only (single-view) DINO768d6 LAM, 30k, sharedlam3"
realworld,ours_single,44160743,30000,mlp,future_action_mean,0,dx,0.755386,119983,36067,sharedlam3sidefull_dino768d6_ckpt030000_idx1_robot3cam_h5_probe,"side-only (single-view) DINO768d6 LAM, 30k, sharedlam3"
realworld,ours_single,44160743,30000,mlp,future_action_mean,1,dy,0.846743,119983,36067,sharedlam3sidefull_dino768d6_ckpt030000_idx1_robot3cam_h5_probe,"side-only (single-view) DINO768d6 LAM, 30k, sharedlam3"
realworld,ours_single,44160743,30000,mlp,future_action_mean,2,dz,0.928135,119983,36067,sharedlam3sidefull_dino768d6_ckpt030000_idx1_robot3cam_h5_probe,"side-only (single-view) DINO768d6 LAM, 30k, sharedlam3"
realworld,ours_single,44160743,30000,mlp,future_action_mean,3,droll,0.443702,119983,36067,sharedlam3sidefull_dino768d6_ckpt030000_idx1_robot3cam_h5_probe,"side-only (single-view) DINO768d6 LAM, 30k, sharedlam3"
realworld,ours_single,44160743,30000,mlp,future_action_mean,4,dpitch,0.425938,119983,36067,sharedlam3sidefull_dino768d6_ckpt030000_idx1_robot3cam_h5_probe,"side-only (single-view) DINO768d6 LAM, 30k, sharedlam3"
realworld,ours_single,44160743,30000,mlp,future_action_mean,5,dyaw,0.868411,119983,36067,sharedlam3sidefull_dino768d6_ckpt030000_idx1_robot3cam_h5_probe,"side-only (single-view) DINO768d6 LAM, 30k, sharedlam3"
realworld,ours_single,44160743,30000,mlp,future_action_mean,6,gripper,0.465512,119983,36067,sharedlam3sidefull_dino768d6_ckpt030000_idx1_robot3cam_h5_probe,"side-only (single-view) DINO768d6 LAM, 30k, sharedlam3"
realworld,ours_single,44160743,30000,ridge,current_action,0,dx,0.518637,119983,36067,sharedlam3sidefull_dino768d6_ckpt030000_idx1_robot3cam_h5_probe,"side-only (single-view) DINO768d6 LAM, 30k, sharedlam3"
realworld,ours_single,44160743,30000,ridge,current_action,1,dy,0.357937,119983,36067,sharedlam3sidefull_dino768d6_ckpt030000_idx1_robot3cam_h5_probe,"side-only (single-view) DINO768d6 LAM, 30k, sharedlam3"
realworld,ours_single,44160743,30000,ridge,current_action,2,dz,0.681228,119983,36067,sharedlam3sidefull_dino768d6_ckpt030000_idx1_robot3cam_h5_probe,"side-only (single-view) DINO768d6 LAM, 30k, sharedlam3"
realworld,ours_single,44160743,30000,ridge,current_action,3,droll,0.280906,119983,36067,sharedlam3sidefull_dino768d6_ckpt030000_idx1_robot3cam_h5_probe,"side-only (single-view) DINO768d6 LAM, 30k, sharedlam3"
realworld,ours_single,44160743,30000,ridge,current_action,4,dpitch,0.256098,119983,36067,sharedlam3sidefull_dino768d6_ckpt030000_idx1_robot3cam_h5_probe,"side-only (single-view) DINO768d6 LAM, 30k, sharedlam3"
realworld,ours_single,44160743,30000,ridge,current_action,5,dyaw,0.57895,119983,36067,sharedlam3sidefull_dino768d6_ckpt030000_idx1_robot3cam_h5_probe,"side-only (single-view) DINO768d6 LAM, 30k, sharedlam3"
realworld,ours_single,44160743,30000,ridge,current_action,6,gripper,0.235413,119983,36067,sharedlam3sidefull_dino768d6_ckpt030000_idx1_robot3cam_h5_probe,"side-only (single-view) DINO768d6 LAM, 30k, sharedlam3"
realworld,ours_single,44160743,30000,ridge,future_action_mean,0,dx,0.534682,119983,36067,sharedlam3sidefull_dino768d6_ckpt030000_idx1_robot3cam_h5_probe,"side-only (single-view) DINO768d6 LAM, 30k, sharedlam3"
realworld,ours_single,44160743,30000,ridge,future_action_mean,1,dy,0.358762,119983,36067,sharedlam3sidefull_dino768d6_ckpt030000_idx1_robot3cam_h5_probe,"side-only (single-view) DINO768d6 LAM, 30k, sharedlam3"
realworld,ours_single,44160743,30000,ridge,future_action_mean,2,dz,0.700536,119983,36067,sharedlam3sidefull_dino768d6_ckpt030000_idx1_robot3cam_h5_probe,"side-only (single-view) DINO768d6 LAM, 30k, sharedlam3"
realworld,ours_single,44160743,30000,ridge,future_action_mean,3,droll,0.291225,119983,36067,sharedlam3sidefull_dino768d6_ckpt030000_idx1_robot3cam_h5_probe,"side-only (single-view) DINO768d6 LAM, 30k, sharedlam3"
realworld,ours_single,44160743,30000,ridge,future_action_mean,4,dpitch,0.260677,119983,36067,sharedlam3sidefull_dino768d6_ckpt030000_idx1_robot3cam_h5_probe,"side-only (single-view) DINO768d6 LAM, 30k, sharedlam3"
realworld,ours_single,44160743,30000,ridge,future_action_mean,5,dyaw,0.595954,119983,36067,sharedlam3sidefull_dino768d6_ckpt030000_idx1_robot3cam_h5_probe,"side-only (single-view) DINO768d6 LAM, 30k, sharedlam3"
realworld,ours_single,44160743,30000,ridge,future_action_mean,6,gripper,0.236086,119983,36067,sharedlam3sidefull_dino768d6_ckpt030000_idx1_robot3cam_h5_probe,"side-only (single-view) DINO768d6 LAM, 30k, sharedlam3"
realworld,ours_single,44160743,30000,mlp,current_action,-1,mean,0.677898,119983,36067,sharedlam3sidefull_dino768d6_ckpt030000_idx1_robot3cam_h5_probe,"side-only (single-view) DINO768d6 LAM, 30k, sharedlam3"
realworld,ours_single,44160743,30000,mlp,future_action_mean,-1,mean,0.676261,119983,36067,sharedlam3sidefull_dino768d6_ckpt030000_idx1_robot3cam_h5_probe,"side-only (single-view) DINO768d6 LAM, 30k, sharedlam3"
realworld,ours_single,44160743,30000,ridge,current_action,-1,mean,0.415596,119983,36067,sharedlam3sidefull_dino768d6_ckpt030000_idx1_robot3cam_h5_probe,"side-only (single-view) DINO768d6 LAM, 30k, sharedlam3"
realworld,ours_single,44160743,30000,ridge,future_action_mean,-1,mean,0.425418,119983,36067,sharedlam3sidefull_dino768d6_ckpt030000_idx1_robot3cam_h5_probe,"side-only (single-view) DINO768d6 LAM, 30k, sharedlam3"
realworld,ours_multi_newtasks,44227723,30000,mlp,current_action,0,dx,0.411884,91413,27081,sharedlam4full_dino768d6_ckpt030000_idx1_robot3cam_h5_probe,"front+side LAM on the new-task dataset, 30k, sharedlam4 (different data; not matched)"
realworld,ours_multi_newtasks,44227723,30000,mlp,current_action,1,dy,0.902623,91413,27081,sharedlam4full_dino768d6_ckpt030000_idx1_robot3cam_h5_probe,"front+side LAM on the new-task dataset, 30k, sharedlam4 (different data; not matched)"
realworld,ours_multi_newtasks,44227723,30000,mlp,current_action,2,dz,0.887684,91413,27081,sharedlam4full_dino768d6_ckpt030000_idx1_robot3cam_h5_probe,"front+side LAM on the new-task dataset, 30k, sharedlam4 (different data; not matched)"
realworld,ours_multi_newtasks,44227723,30000,mlp,current_action,3,droll,0.459903,91413,27081,sharedlam4full_dino768d6_ckpt030000_idx1_robot3cam_h5_probe,"front+side LAM on the new-task dataset, 30k, sharedlam4 (different data; not matched)"
realworld,ours_multi_newtasks,44227723,30000,mlp,current_action,4,dpitch,0.374262,91413,27081,sharedlam4full_dino768d6_ckpt030000_idx1_robot3cam_h5_probe,"front+side LAM on the new-task dataset, 30k, sharedlam4 (different data; not matched)"
realworld,ours_multi_newtasks,44227723,30000,mlp,current_action,5,dyaw,0.845964,91413,27081,sharedlam4full_dino768d6_ckpt030000_idx1_robot3cam_h5_probe,"front+side LAM on the new-task dataset, 30k, sharedlam4 (different data; not matched)"
realworld,ours_multi_newtasks,44227723,30000,mlp,current_action,6,gripper,0.476886,91413,27081,sharedlam4full_dino768d6_ckpt030000_idx1_robot3cam_h5_probe,"front+side LAM on the new-task dataset, 30k, sharedlam4 (different data; not matched)"
realworld,ours_multi_newtasks,44227723,30000,mlp,future_action_mean,0,dx,0.402372,91413,27081,sharedlam4full_dino768d6_ckpt030000_idx1_robot3cam_h5_probe,"front+side LAM on the new-task dataset, 30k, sharedlam4 (different data; not matched)"
realworld,ours_multi_newtasks,44227723,30000,mlp,future_action_mean,1,dy,0.906531,91413,27081,sharedlam4full_dino768d6_ckpt030000_idx1_robot3cam_h5_probe,"front+side LAM on the new-task dataset, 30k, sharedlam4 (different data; not matched)"
realworld,ours_multi_newtasks,44227723,30000,mlp,future_action_mean,2,dz,0.881783,91413,27081,sharedlam4full_dino768d6_ckpt030000_idx1_robot3cam_h5_probe,"front+side LAM on the new-task dataset, 30k, sharedlam4 (different data; not matched)"
realworld,ours_multi_newtasks,44227723,30000,mlp,future_action_mean,3,droll,0.470897,91413,27081,sharedlam4full_dino768d6_ckpt030000_idx1_robot3cam_h5_probe,"front+side LAM on the new-task dataset, 30k, sharedlam4 (different data; not matched)"
realworld,ours_multi_newtasks,44227723,30000,mlp,future_action_mean,4,dpitch,0.391534,91413,27081,sharedlam4full_dino768d6_ckpt030000_idx1_robot3cam_h5_probe,"front+side LAM on the new-task dataset, 30k, sharedlam4 (different data; not matched)"
realworld,ours_multi_newtasks,44227723,30000,mlp,future_action_mean,5,dyaw,0.841052,91413,27081,sharedlam4full_dino768d6_ckpt030000_idx1_robot3cam_h5_probe,"front+side LAM on the new-task dataset, 30k, sharedlam4 (different data; not matched)"
realworld,ours_multi_newtasks,44227723,30000,mlp,future_action_mean,6,gripper,0.461389,91413,27081,sharedlam4full_dino768d6_ckpt030000_idx1_robot3cam_h5_probe,"front+side LAM on the new-task dataset, 30k, sharedlam4 (different data; not matched)"
realworld,ours_multi_newtasks,44227723,30000,ridge,current_action,0,dx,0.201479,91413,27081,sharedlam4full_dino768d6_ckpt030000_idx1_robot3cam_h5_probe,"front+side LAM on the new-task dataset, 30k, sharedlam4 (different data; not matched)"
realworld,ours_multi_newtasks,44227723,30000,ridge,current_action,1,dy,0.575616,91413,27081,sharedlam4full_dino768d6_ckpt030000_idx1_robot3cam_h5_probe,"front+side LAM on the new-task dataset, 30k, sharedlam4 (different data; not matched)"
realworld,ours_multi_newtasks,44227723,30000,ridge,current_action,2,dz,0.678721,91413,27081,sharedlam4full_dino768d6_ckpt030000_idx1_robot3cam_h5_probe,"front+side LAM on the new-task dataset, 30k, sharedlam4 (different data; not matched)"
realworld,ours_multi_newtasks,44227723,30000,ridge,current_action,3,droll,0.336677,91413,27081,sharedlam4full_dino768d6_ckpt030000_idx1_robot3cam_h5_probe,"front+side LAM on the new-task dataset, 30k, sharedlam4 (different data; not matched)"
realworld,ours_multi_newtasks,44227723,30000,ridge,current_action,4,dpitch,0.184158,91413,27081,sharedlam4full_dino768d6_ckpt030000_idx1_robot3cam_h5_probe,"front+side LAM on the new-task dataset, 30k, sharedlam4 (different data; not matched)"
realworld,ours_multi_newtasks,44227723,30000,ridge,current_action,5,dyaw,0.509043,91413,27081,sharedlam4full_dino768d6_ckpt030000_idx1_robot3cam_h5_probe,"front+side LAM on the new-task dataset, 30k, sharedlam4 (different data; not matched)"
realworld,ours_multi_newtasks,44227723,30000,ridge,current_action,6,gripper,0.150291,91413,27081,sharedlam4full_dino768d6_ckpt030000_idx1_robot3cam_h5_probe,"front+side LAM on the new-task dataset, 30k, sharedlam4 (different data; not matched)"
realworld,ours_multi_newtasks,44227723,30000,ridge,future_action_mean,0,dx,0.241201,91413,27081,sharedlam4full_dino768d6_ckpt030000_idx1_robot3cam_h5_probe,"front+side LAM on the new-task dataset, 30k, sharedlam4 (different data; not matched)"
realworld,ours_multi_newtasks,44227723,30000,ridge,future_action_mean,1,dy,0.594591,91413,27081,sharedlam4full_dino768d6_ckpt030000_idx1_robot3cam_h5_probe,"front+side LAM on the new-task dataset, 30k, sharedlam4 (different data; not matched)"
realworld,ours_multi_newtasks,44227723,30000,ridge,future_action_mean,2,dz,0.694812,91413,27081,sharedlam4full_dino768d6_ckpt030000_idx1_robot3cam_h5_probe,"front+side LAM on the new-task dataset, 30k, sharedlam4 (different data; not matched)"
realworld,ours_multi_newtasks,44227723,30000,ridge,future_action_mean,3,droll,0.353277,91413,27081,sharedlam4full_dino768d6_ckpt030000_idx1_robot3cam_h5_probe,"front+side LAM on the new-task dataset, 30k, sharedlam4 (different data; not matched)"
realworld,ours_multi_newtasks,44227723,30000,ridge,future_action_mean,4,dpitch,0.201524,91413,27081,sharedlam4full_dino768d6_ckpt030000_idx1_robot3cam_h5_probe,"front+side LAM on the new-task dataset, 30k, sharedlam4 (different data; not matched)"
realworld,ours_multi_newtasks,44227723,30000,ridge,future_action_mean,5,dyaw,0.52417,91413,27081,sharedlam4full_dino768d6_ckpt030000_idx1_robot3cam_h5_probe,"front+side LAM on the new-task dataset, 30k, sharedlam4 (different data; not matched)"
realworld,ours_multi_newtasks,44227723,30000,ridge,future_action_mean,6,gripper,0.156883,91413,27081,sharedlam4full_dino768d6_ckpt030000_idx1_robot3cam_h5_probe,"front+side LAM on the new-task dataset, 30k, sharedlam4 (different data; not matched)"
realworld,ours_multi_newtasks,44227723,30000,mlp,current_action,-1,mean,0.622744,91413,27081,sharedlam4full_dino768d6_ckpt030000_idx1_robot3cam_h5_probe,"front+side LAM on the new-task dataset, 30k, sharedlam4 (different data; not matched)"
realworld,ours_multi_newtasks,44227723,30000,mlp,future_action_mean,-1,mean,0.622223,91413,27081,sharedlam4full_dino768d6_ckpt030000_idx1_robot3cam_h5_probe,"front+side LAM on the new-task dataset, 30k, sharedlam4 (different data; not matched)"
realworld,ours_multi_newtasks,44227723,30000,ridge,current_action,-1,mean,0.376569,91413,27081,sharedlam4full_dino768d6_ckpt030000_idx1_robot3cam_h5_probe,"front+side LAM on the new-task dataset, 30k, sharedlam4 (different data; not matched)"
realworld,ours_multi_newtasks,44227723,30000,ridge,future_action_mean,-1,mean,0.395208,91413,27081,sharedlam4full_dino768d6_ckpt030000_idx1_robot3cam_h5_probe,"front+side LAM on the new-task dataset, 30k, sharedlam4 (different data; not matched)"
realworld,ours_multi,43524549,30000,ridge,abs_action_local,0,dx,0.305496,137152,35881,"local fit, experiments/fit_decode_realworld.py on the full exports","front+side (multi-view) DINO768d6 LAM, 30k, sharedlam2; local 20%-episode holdout, ridge alpha=1 / MLP(512,256)"
realworld,ours_multi,43524549,30000,ridge,abs_action_local,1,dy,0.593535,137152,35881,"local fit, experiments/fit_decode_realworld.py on the full exports","front+side (multi-view) DINO768d6 LAM, 30k, sharedlam2; local 20%-episode holdout, ridge alpha=1 / MLP(512,256)"
realworld,ours_multi,43524549,30000,ridge,abs_action_local,2,dz,0.698342,137152,35881,"local fit, experiments/fit_decode_realworld.py on the full exports","front+side (multi-view) DINO768d6 LAM, 30k, sharedlam2; local 20%-episode holdout, ridge alpha=1 / MLP(512,256)"
realworld,ours_multi,43524549,30000,ridge,abs_action_local,3,droll,0.351945,137152,35881,"local fit, experiments/fit_decode_realworld.py on the full exports","front+side (multi-view) DINO768d6 LAM, 30k, sharedlam2; local 20%-episode holdout, ridge alpha=1 / MLP(512,256)"
realworld,ours_multi,43524549,30000,ridge,abs_action_local,4,dpitch,0.239302,137152,35881,"local fit, experiments/fit_decode_realworld.py on the full exports","front+side (multi-view) DINO768d6 LAM, 30k, sharedlam2; local 20%-episode holdout, ridge alpha=1 / MLP(512,256)"
realworld,ours_multi,43524549,30000,ridge,abs_action_local,5,dyaw,0.622618,137152,35881,"local fit, experiments/fit_decode_realworld.py on the full exports","front+side (multi-view) DINO768d6 LAM, 30k, sharedlam2; local 20%-episode holdout, ridge alpha=1 / MLP(512,256)"
realworld,ours_multi,43524549,30000,ridge,abs_action_local,6,gripper,0.245565,137152,35881,"local fit, experiments/fit_decode_realworld.py on the full exports","front+side (multi-view) DINO768d6 LAM, 30k, sharedlam2; local 20%-episode holdout, ridge alpha=1 / MLP(512,256)"
realworld,ours_multi,43524549,30000,ridge,abs_action_local,-1,mean,0.436686,137152,35881,"local fit, experiments/fit_decode_realworld.py on the full exports","front+side (multi-view) DINO768d6 LAM, 30k, sharedlam2; local 20%-episode holdout, ridge alpha=1 / MLP(512,256)"
realworld,ours_multi,43524549,30000,mlp,abs_action_local,0,dx,0.525488,137152,35881,"local fit, experiments/fit_decode_realworld.py on the full exports","front+side (multi-view) DINO768d6 LAM, 30k, sharedlam2; local 20%-episode holdout, ridge alpha=1 / MLP(512,256)"
realworld,ours_multi,43524549,30000,mlp,abs_action_local,1,dy,0.873315,137152,35881,"local fit, experiments/fit_decode_realworld.py on the full exports","front+side (multi-view) DINO768d6 LAM, 30k, sharedlam2; local 20%-episode holdout, ridge alpha=1 / MLP(512,256)"
realworld,ours_multi,43524549,30000,mlp,abs_action_local,2,dz,0.909041,137152,35881,"local fit, experiments/fit_decode_realworld.py on the full exports","front+side (multi-view) DINO768d6 LAM, 30k, sharedlam2; local 20%-episode holdout, ridge alpha=1 / MLP(512,256)"
realworld,ours_multi,43524549,30000,mlp,abs_action_local,3,droll,0.424899,137152,35881,"local fit, experiments/fit_decode_realworld.py on the full exports","front+side (multi-view) DINO768d6 LAM, 30k, sharedlam2; local 20%-episode holdout, ridge alpha=1 / MLP(512,256)"
realworld,ours_multi,43524549,30000,mlp,abs_action_local,4,dpitch,0.315842,137152,35881,"local fit, experiments/fit_decode_realworld.py on the full exports","front+side (multi-view) DINO768d6 LAM, 30k, sharedlam2; local 20%-episode holdout, ridge alpha=1 / MLP(512,256)"
realworld,ours_multi,43524549,30000,mlp,abs_action_local,5,dyaw,0.830308,137152,35881,"local fit, experiments/fit_decode_realworld.py on the full exports","front+side (multi-view) DINO768d6 LAM, 30k, sharedlam2; local 20%-episode holdout, ridge alpha=1 / MLP(512,256)"
realworld,ours_multi,43524549,30000,mlp,abs_action_local,6,gripper,0.476445,137152,35881,"local fit, experiments/fit_decode_realworld.py on the full exports","front+side (multi-view) DINO768d6 LAM, 30k, sharedlam2; local 20%-episode holdout, ridge alpha=1 / MLP(512,256)"
realworld,ours_multi,43524549,30000,mlp,abs_action_local,-1,mean,0.622191,137152,35881,"local fit, experiments/fit_decode_realworld.py on the full exports","front+side (multi-view) DINO768d6 LAM, 30k, sharedlam2; local 20%-episode holdout, ridge alpha=1 / MLP(512,256)"
realworld,ours_multi,43524549,30000,ridge,state_delta_h5,0,dx,0.657924,137152,35881,"local fit, experiments/fit_decode_realworld.py on the full exports","front+side (multi-view) DINO768d6 LAM, 30k, sharedlam2; local 20%-episode holdout, ridge alpha=1 / MLP(512,256)"
realworld,ours_multi,43524549,30000,ridge,state_delta_h5,1,dy,0.751906,137152,35881,"local fit, experiments/fit_decode_realworld.py on the full exports","front+side (multi-view) DINO768d6 LAM, 30k, sharedlam2; local 20%-episode holdout, ridge alpha=1 / MLP(512,256)"
realworld,ours_multi,43524549,30000,ridge,state_delta_h5,2,dz,0.825346,137152,35881,"local fit, experiments/fit_decode_realworld.py on the full exports","front+side (multi-view) DINO768d6 LAM, 30k, sharedlam2; local 20%-episode holdout, ridge alpha=1 / MLP(512,256)"
realworld,ours_multi,43524549,30000,ridge,state_delta_h5,3,droll,0.066721,137152,35881,"local fit, experiments/fit_decode_realworld.py on the full exports","front+side (multi-view) DINO768d6 LAM, 30k, sharedlam2; local 20%-episode holdout, ridge alpha=1 / MLP(512,256)"
realworld,ours_multi,43524549,30000,ridge,state_delta_h5,4,dpitch,0.094745,137152,35881,"local fit, experiments/fit_decode_realworld.py on the full exports","front+side (multi-view) DINO768d6 LAM, 30k, sharedlam2; local 20%-episode holdout, ridge alpha=1 / MLP(512,256)"
realworld,ours_multi,43524549,30000,ridge,state_delta_h5,5,dyaw,0.42875,137152,35881,"local fit, experiments/fit_decode_realworld.py on the full exports","front+side (multi-view) DINO768d6 LAM, 30k, sharedlam2; local 20%-episode holdout, ridge alpha=1 / MLP(512,256)"
realworld,ours_multi,43524549,30000,ridge,state_delta_h5,6,gripper,0.01689,137152,35881,"local fit, experiments/fit_decode_realworld.py on the full exports","front+side (multi-view) DINO768d6 LAM, 30k, sharedlam2; local 20%-episode holdout, ridge alpha=1 / MLP(512,256)"
realworld,ours_multi,43524549,30000,ridge,state_delta_h5,-1,mean,0.40604,137152,35881,"local fit, experiments/fit_decode_realworld.py on the full exports","front+side (multi-view) DINO768d6 LAM, 30k, sharedlam2; local 20%-episode holdout, ridge alpha=1 / MLP(512,256)"
realworld,ours_multi,43524549,30000,mlp,state_delta_h5,0,dx,0.832062,137152,35881,"local fit, experiments/fit_decode_realworld.py on the full exports","front+side (multi-view) DINO768d6 LAM, 30k, sharedlam2; local 20%-episode holdout, ridge alpha=1 / MLP(512,256)"
realworld,ours_multi,43524549,30000,mlp,state_delta_h5,1,dy,0.878242,137152,35881,"local fit, experiments/fit_decode_realworld.py on the full exports","front+side (multi-view) DINO768d6 LAM, 30k, sharedlam2; local 20%-episode holdout, ridge alpha=1 / MLP(512,256)"
realworld,ours_multi,43524549,30000,mlp,state_delta_h5,2,dz,0.948745,137152,35881,"local fit, experiments/fit_decode_realworld.py on the full exports","front+side (multi-view) DINO768d6 LAM, 30k, sharedlam2; local 20%-episode holdout, ridge alpha=1 / MLP(512,256)"
realworld,ours_multi,43524549,30000,mlp,state_delta_h5,3,droll,0.080368,137152,35881,"local fit, experiments/fit_decode_realworld.py on the full exports","front+side (multi-view) DINO768d6 LAM, 30k, sharedlam2; local 20%-episode holdout, ridge alpha=1 / MLP(512,256)"
realworld,ours_multi,43524549,30000,mlp,state_delta_h5,4,dpitch,0.134952,137152,35881,"local fit, experiments/fit_decode_realworld.py on the full exports","front+side (multi-view) DINO768d6 LAM, 30k, sharedlam2; local 20%-episode holdout, ridge alpha=1 / MLP(512,256)"
realworld,ours_multi,43524549,30000,mlp,state_delta_h5,5,dyaw,0.73868,137152,35881,"local fit, experiments/fit_decode_realworld.py on the full exports","front+side (multi-view) DINO768d6 LAM, 30k, sharedlam2; local 20%-episode holdout, ridge alpha=1 / MLP(512,256)"
realworld,ours_multi,43524549,30000,mlp,state_delta_h5,6,gripper,0.102931,137152,35881,"local fit, experiments/fit_decode_realworld.py on the full exports","front+side (multi-view) DINO768d6 LAM, 30k, sharedlam2; local 20%-episode holdout, ridge alpha=1 / MLP(512,256)"
realworld,ours_multi,43524549,30000,mlp,state_delta_h5,-1,mean,0.530854,137152,35881,"local fit, experiments/fit_decode_realworld.py on the full exports","front+side (multi-view) DINO768d6 LAM, 30k, sharedlam2; local 20%-episode holdout, ridge alpha=1 / MLP(512,256)"
realworld,ours_single,44160743,30000,ridge,abs_action_local,0,dx,0.518766,137152,35881,"local fit, experiments/fit_decode_realworld.py on the full exports","side-only (single-view) DINO768d6 LAM, 30k, sharedlam3; local 20%-episode holdout, ridge alpha=1 / MLP(512,256)"
realworld,ours_single,44160743,30000,ridge,abs_action_local,1,dy,0.358914,137152,35881,"local fit, experiments/fit_decode_realworld.py on the full exports","side-only (single-view) DINO768d6 LAM, 30k, sharedlam3; local 20%-episode holdout, ridge alpha=1 / MLP(512,256)"
realworld,ours_single,44160743,30000,ridge,abs_action_local,2,dz,0.681502,137152,35881,"local fit, experiments/fit_decode_realworld.py on the full exports","side-only (single-view) DINO768d6 LAM, 30k, sharedlam3; local 20%-episode holdout, ridge alpha=1 / MLP(512,256)"
realworld,ours_single,44160743,30000,ridge,abs_action_local,3,droll,0.279658,137152,35881,"local fit, experiments/fit_decode_realworld.py on the full exports","side-only (single-view) DINO768d6 LAM, 30k, sharedlam3; local 20%-episode holdout, ridge alpha=1 / MLP(512,256)"
realworld,ours_single,44160743,30000,ridge,abs_action_local,4,dpitch,0.256326,137152,35881,"local fit, experiments/fit_decode_realworld.py on the full exports","side-only (single-view) DINO768d6 LAM, 30k, sharedlam3; local 20%-episode holdout, ridge alpha=1 / MLP(512,256)"
realworld,ours_single,44160743,30000,ridge,abs_action_local,5,dyaw,0.57894,137152,35881,"local fit, experiments/fit_decode_realworld.py on the full exports","side-only (single-view) DINO768d6 LAM, 30k, sharedlam3; local 20%-episode holdout, ridge alpha=1 / MLP(512,256)"
realworld,ours_single,44160743,30000,ridge,abs_action_local,6,gripper,0.235318,137152,35881,"local fit, experiments/fit_decode_realworld.py on the full exports","side-only (single-view) DINO768d6 LAM, 30k, sharedlam3; local 20%-episode holdout, ridge alpha=1 / MLP(512,256)"
realworld,ours_single,44160743,30000,ridge,abs_action_local,-1,mean,0.415632,137152,35881,"local fit, experiments/fit_decode_realworld.py on the full exports","side-only (single-view) DINO768d6 LAM, 30k, sharedlam3; local 20%-episode holdout, ridge alpha=1 / MLP(512,256)"
realworld,ours_single,44160743,30000,mlp,abs_action_local,0,dx,0.800618,137152,35881,"local fit, experiments/fit_decode_realworld.py on the full exports","side-only (single-view) DINO768d6 LAM, 30k, sharedlam3; local 20%-episode holdout, ridge alpha=1 / MLP(512,256)"
realworld,ours_single,44160743,30000,mlp,abs_action_local,1,dy,0.875606,137152,35881,"local fit, experiments/fit_decode_realworld.py on the full exports","side-only (single-view) DINO768d6 LAM, 30k, sharedlam3; local 20%-episode holdout, ridge alpha=1 / MLP(512,256)"
realworld,ours_single,44160743,30000,mlp,abs_action_local,2,dz,0.950824,137152,35881,"local fit, experiments/fit_decode_realworld.py on the full exports","side-only (single-view) DINO768d6 LAM, 30k, sharedlam3; local 20%-episode holdout, ridge alpha=1 / MLP(512,256)"
realworld,ours_single,44160743,30000,mlp,abs_action_local,3,droll,0.432565,137152,35881,"local fit, experiments/fit_decode_realworld.py on the full exports","side-only (single-view) DINO768d6 LAM, 30k, sharedlam3; local 20%-episode holdout, ridge alpha=1 / MLP(512,256)"
realworld,ours_single,44160743,30000,mlp,abs_action_local,4,dpitch,0.351286,137152,35881,"local fit, experiments/fit_decode_realworld.py on the full exports","side-only (single-view) DINO768d6 LAM, 30k, sharedlam3; local 20%-episode holdout, ridge alpha=1 / MLP(512,256)"
realworld,ours_single,44160743,30000,mlp,abs_action_local,5,dyaw,0.870458,137152,35881,"local fit, experiments/fit_decode_realworld.py on the full exports","side-only (single-view) DINO768d6 LAM, 30k, sharedlam3; local 20%-episode holdout, ridge alpha=1 / MLP(512,256)"
realworld,ours_single,44160743,30000,mlp,abs_action_local,6,gripper,0.490934,137152,35881,"local fit, experiments/fit_decode_realworld.py on the full exports","side-only (single-view) DINO768d6 LAM, 30k, sharedlam3; local 20%-episode holdout, ridge alpha=1 / MLP(512,256)"
realworld,ours_single,44160743,30000,mlp,abs_action_local,-1,mean,0.681756,137152,35881,"local fit, experiments/fit_decode_realworld.py on the full exports","side-only (single-view) DINO768d6 LAM, 30k, sharedlam3; local 20%-episode holdout, ridge alpha=1 / MLP(512,256)"
realworld,ours_single,44160743,30000,ridge,state_delta_h5,0,dx,0.662969,137152,35881,"local fit, experiments/fit_decode_realworld.py on the full exports","side-only (single-view) DINO768d6 LAM, 30k, sharedlam3; local 20%-episode holdout, ridge alpha=1 / MLP(512,256)"
realworld,ours_single,44160743,30000,ridge,state_delta_h5,1,dy,0.119359,137152,35881,"local fit, experiments/fit_decode_realworld.py on the full exports","side-only (single-view) DINO768d6 LAM, 30k, sharedlam3; local 20%-episode holdout, ridge alpha=1 / MLP(512,256)"
realworld,ours_single,44160743,30000,ridge,state_delta_h5,2,dz,0.818443,137152,35881,"local fit, experiments/fit_decode_realworld.py on the full exports","side-only (single-view) DINO768d6 LAM, 30k, sharedlam3; local 20%-episode holdout, ridge alpha=1 / MLP(512,256)"
realworld,ours_single,44160743,30000,ridge,state_delta_h5,3,droll,0.047428,137152,35881,"local fit, experiments/fit_decode_realworld.py on the full exports","side-only (single-view) DINO768d6 LAM, 30k, sharedlam3; local 20%-episode holdout, ridge alpha=1 / MLP(512,256)"
realworld,ours_single,44160743,30000,ridge,state_delta_h5,4,dpitch,0.081513,137152,35881,"local fit, experiments/fit_decode_realworld.py on the full exports","side-only (single-view) DINO768d6 LAM, 30k, sharedlam3; local 20%-episode holdout, ridge alpha=1 / MLP(512,256)"
realworld,ours_single,44160743,30000,ridge,state_delta_h5,5,dyaw,0.423612,137152,35881,"local fit, experiments/fit_decode_realworld.py on the full exports","side-only (single-view) DINO768d6 LAM, 30k, sharedlam3; local 20%-episode holdout, ridge alpha=1 / MLP(512,256)"
realworld,ours_single,44160743,30000,ridge,state_delta_h5,6,gripper,0.019079,137152,35881,"local fit, experiments/fit_decode_realworld.py on the full exports","side-only (single-view) DINO768d6 LAM, 30k, sharedlam3; local 20%-episode holdout, ridge alpha=1 / MLP(512,256)"
realworld,ours_single,44160743,30000,ridge,state_delta_h5,-1,mean,0.310343,137152,35881,"local fit, experiments/fit_decode_realworld.py on the full exports","side-only (single-view) DINO768d6 LAM, 30k, sharedlam3; local 20%-episode holdout, ridge alpha=1 / MLP(512,256)"
realworld,ours_single,44160743,30000,mlp,state_delta_h5,0,dx,0.84382,137152,35881,"local fit, experiments/fit_decode_realworld.py on the full exports","side-only (single-view) DINO768d6 LAM, 30k, sharedlam3; local 20%-episode holdout, ridge alpha=1 / MLP(512,256)"
realworld,ours_single,44160743,30000,mlp,state_delta_h5,1,dy,0.452101,137152,35881,"local fit, experiments/fit_decode_realworld.py on the full exports","side-only (single-view) DINO768d6 LAM, 30k, sharedlam3; local 20%-episode holdout, ridge alpha=1 / MLP(512,256)"
realworld,ours_single,44160743,30000,mlp,state_delta_h5,2,dz,0.932586,137152,35881,"local fit, experiments/fit_decode_realworld.py on the full exports","side-only (single-view) DINO768d6 LAM, 30k, sharedlam3; local 20%-episode holdout, ridge alpha=1 / MLP(512,256)"
realworld,ours_single,44160743,30000,mlp,state_delta_h5,3,droll,0.107864,137152,35881,"local fit, experiments/fit_decode_realworld.py on the full exports","side-only (single-view) DINO768d6 LAM, 30k, sharedlam3; local 20%-episode holdout, ridge alpha=1 / MLP(512,256)"
realworld,ours_single,44160743,30000,mlp,state_delta_h5,4,dpitch,0.133076,137152,35881,"local fit, experiments/fit_decode_realworld.py on the full exports","side-only (single-view) DINO768d6 LAM, 30k, sharedlam3; local 20%-episode holdout, ridge alpha=1 / MLP(512,256)"
realworld,ours_single,44160743,30000,mlp,state_delta_h5,5,dyaw,0.75387,137152,35881,"local fit, experiments/fit_decode_realworld.py on the full exports","side-only (single-view) DINO768d6 LAM, 30k, sharedlam3; local 20%-episode holdout, ridge alpha=1 / MLP(512,256)"
realworld,ours_single,44160743,30000,mlp,state_delta_h5,6,gripper,0.230858,137152,35881,"local fit, experiments/fit_decode_realworld.py on the full exports","side-only (single-view) DINO768d6 LAM, 30k, sharedlam3; local 20%-episode holdout, ridge alpha=1 / MLP(512,256)"
realworld,ours_single,44160743,30000,mlp,state_delta_h5,-1,mean,0.493454,137152,35881,"local fit, experiments/fit_decode_realworld.py on the full exports","side-only (single-view) DINO768d6 LAM, 30k, sharedlam3; local 20%-episode holdout, ridge alpha=1 / MLP(512,256)"
