benchmark,method,arm_key,label,in_paper_table,is_reference,teacher_job,policy_job,mlp_r2,ridge_r2,mlp_r2_future,ridge_r2_future,sr,sr_alt,sr_paper,sr_source,probe_source_dir,note
libero,ours_single,libero_side_45408556,Ours (single-view),1,1,45408556,45408565,0.5259,0.3338,0.5056,0.3109,53.52,,53.5,eval_split/2026-09-05_tv_rollout_sqsh_45408565_..._ckpt070000_seed1000,probe_analysis/rlfv_libero_xemb_v1_lam1o5_side_45408556_ckpt070000,reference arm
libero,ours_single_front,libero_frontsv_45351533,"Ours (single-view, frontview)",0,0,45351533,45351537,0.5717,0.3716,0.5562,0.3478,62.65,,,eval_split/2026-09-03_rollout_sqsh_45351537_..._ckpt070000,probe_analysis/rlfv_libero_xemb_v1_lam1o5_sv_45351533_ckpt070000,frontview-only teacher; not a paper row
libero,ours_multi,libero_dual_t71_44161039,Ours (multi-view),1,0,44161039,44161096,0.6724,0.4740,0.6496,0.4408,62.38,,62.3,felix eval_split/2026-08-05_rollout_sqsh_44161096_..._ckpt070000,probe_analysis/libero_playdata_slices_lam1o5_lib90t71_44161039_ckpt070000,"slice probe, `all` slice"
libero,clam,libero_clam_45462812,CLAM-style,1,0,45462812,45462816,0.6822,0.4716,0.6717,0.4440,57.20,,57.2,eval_split/2026-09-06_clam_rollout_sqsh_45462816_..._ckpt070000_seed1000,probe_analysis/rlfv_libero_xemb_v1_lam1o5_side_clam_45462812_ckpt070000,
libero,laof,libero_flowbmse_45468967,LAOF-style,1,0,45468967,45468971,0.6130,0.3634,0.6002,0.3369,58.98,,58.8,eval_split/2026-09-07_tv_rollout_sqsh_45468971_..._ckpt070000_seed1000,probe_analysis/rlfv_libero_xemb_v1_lam1o5_flowbmse_45468967_ckpt070000,paper prints 58.8; eval gives 58.98
libero,dino,libero_dino_45461745,UniVLA-style (DINOv3),1,0,45461745,45461749,0.6054,0.4160,0.5816,0.3774,59.35,,59.3,eval_split/2026-09-06_tv_rollout_sqsh_45461749_..._ckpt070000_seed1000,probe_analysis/rlfv_libero_xemb_v1_lam1o5_side_dino_45461745_ckpt070000,
libero,lapa,libero_lapaft_45477499,Ours (LAPA-pretrained),1,0,45477499,45493220,0.6162,0.4361,0.5927,0.4094,59.98,,59.9,eval_split/2026-09-07_tvlapaft_rollout_sqsh_45493220_..._ckpt070000_seed1000,probe_analysis/rlfv_libero_xemb_v1_lapaft_side_45477499_ckpt070000,paper prints 59.9; eval gives 59.98
libero,villax_cont,libero_villax_prevq,villa-X (cont. latent),1,0,villa-X frozen,45461495,0.3594,0.2506,0.3441,0.2373,42.85,,43.8,eval_split/2026-09-06_tvvx_rollout_sqsh_45461495_..._villax_prevq_..._ckpt070000_seed1000,probe_analysis/libero_allemb_fourcam_fullfail_villax_side_2a50e03_labeled__prevq,paper prints 43.8 for cont. and 42.8 for VQ; evals give 42.85 (cont.) and 43.12 (VQ)
libero,villax_vq,libero_villax_vq,villa-X (VQ latent),1,0,villa-X frozen,45461515,0.2361,0.1069,0.2219,0.1021,43.12,,42.8,eval_split/2026-09-06_tvvx_rollout_sqsh_45461515_..._villax_vq_..._ckpt070000_seed1000,probe_analysis/libero_allemb_fourcam_fullfail_villax_side_2a50e03_labeled__vq,see cont. row
libero_plus,ours_single,lp_single_run3_44001862,Ours (single-view),1,1,44001862,44014455,0.5941,0.3705,0.5725,0.3393,62.10,,62.1,rlfv_libero_plus/results/lp_run3_single_44014455_060000_sweep/summary.json,probe_analysis/libero_plus_xemb_v1_n2_single_44001862_ckpt100000,reference arm
libero_plus,ours_multi,lp_dualnoaug_run11_44809827,Ours (multi-view),1,0,44809827,44809830,0.6711,0.4490,0.6383,0.4024,66.27,,66.7,rlfv_libero_plus/results/lp_run11_dualnoaug_44809830_060000_sweep/summary.json,probe_analysis/libero_plus_xemb_v1_n2_dualnoaug_dualnoaug_44809827_ckpt100000,paper prints 66.7 = the 80k sweep (66.63); 60k sweep is 66.27
libero_plus,ours_multi_aug,lp_dual_run4_44056649,"Ours (multi-view, aug on)",0,0,44056649,44064425,0.6406,0.4285,0.6100,0.3862,60.14,,,rlfv_libero_plus/results/lp_run4_multi_44064425_060000_sweep/summary.json,probe_analysis/libero_plus_xemb_v1_n2_multi_44056649_ckpt100000,run4; not a paper row
libero_plus,clam,lp_clam7d_run10_44815478,CLAM-style,1,0,44815478,44815481,0.6344,0.3841,0.6095,0.3506,63.08,,63.1,rlfv_libero_plus/results/lp_run10_clam7d_44815481_060000_sweep/summary.json,probe_analysis/libero_plus_xemb_v1_n2_clam7d_44815478_ckpt100000,"run10, 7-d target"
libero_plus,clam_35d,lp_clam35d_run6_44424197,CLAM-style (35-d target),0,0,44424197,44424200,0.6567,0.4015,0.6345,0.3700,51.29,,,rlfv_libero_plus/results/lp_run6_clam_44424200_060000_sweep/summary.json,probe_analysis/libero_plus_xemb_v1_n2_clam_44424197_ckpt100000,run6; not a paper row
libero_plus,laof,lp_flowbmse_run13_45415659,LAOF-style,1,0,45415659,45418140,0.6836,0.3281,0.6618,0.3032,60.45,,60.5,rlfv_libero_plus/results/lp_run13_flowbmse_45418140_060000_sweep/summary.json,probe_analysis/libero_plus_xemb_v1_n2_flowbmse_flowbmse_45415659_ckpt100000,
libero_plus,dino,lp_dino_run7_44422849,UniVLA-style (DINOv3),1,0,44422849,44451211,0.6212,0.3781,0.5919,0.3403,60.87,,60.9,rlfv_libero_plus/results/lp_run7_dino_44451211_060000_sweep/summary.json,probe_analysis/libero_plus_xemb_v1_n2_dino_dino_44422849_ckpt100000,
libero_plus,lapa,lp_lapaft_run12_45344565,Ours (LAPA-pretrained),1,0,45344565,45354862,0.7084,0.4380,0.6848,0.3971,67.87,,,rlfv_libero_plus/results/lp_run12_lapaft_45354862_060000_sweep/summary.json,probe_analysis/libero_plus_xemb_v1_n2_lapaft_lapaft_45344565_ckpt100000,paper cell is TBD
libero_plus,scratch_cpb,lp_scratchcpb_run13_45411217,"Ours (single-view, CPB control)",0,0,45411217,45411220,0.5906,0.3751,0.5704,0.3503,64.06,,,rlfv_libero_plus/results/lp_run13_scratchcpb_45411220_060000_sweep/summary.json,probe_analysis/libero_plus_xemb_v1_n2_scratchcpb_scratchcpb_45411217_ckpt100000,run13 scratch-CPB control; not a paper row
libero_plus,villax_vq,lp_villax_vq_run5,villa-X (VQ latent),1,0,villa-X frozen,44223295,0.3198,0.2731,0.3126,0.2663,45.11,,45.1,rlfv_libero_plus/results/lp_run5_villax_44223295_060000_sweep/summary.json,probe_analysis/libero_plus_xemb_v1_n2_villax,
libero_plus,villax_cont,lp_villax_prevq_run6,villa-X (cont. latent),1,0,villa-X frozen,44425958,0.4630,0.3154,0.4531,0.3082,51.49,,51.5,rlfv_libero_plus/results/lp_run6_villax_prevq_44425958_060000_sweep/summary.json,probe_analysis/libero_plus_xemb_v1_n2_villax_prevq,
mimicgen,ours_single,mg_single2f_armA_43611696,Ours (single-view),1,1,43611696,43630801,0.4999,0.3536,0.4753,0.3063,31.00,19.00,31.0,vpro_mimicgen_eval/results/eval_43630801_mgxemb_run3_2f_fullft_60k.json,probe_analysis/gate_2f_single_ckpt070000,"reference arm (arm A, 2-frame)"
mimicgen,ours_single_4f,mg_single4f_42572825,"Ours (single-view, 4-frame)",0,0,42572825,43408372,0.5042,0.3461,0.4842,0.3024,30.33,18.60,,vpro_mimicgen_eval/results/eval_43408372_mgxemb_run3_single_fullft_60k.json,mimicgen_xemb_probes_20260630/single,"probed on the grafted default-pool export (~3.08M rows), other arms on 3,119,561"
mimicgen,ours_multi,mg_dual4f_42742099,Ours (multi-view),1,0,42742099,43344870,0.5606,0.3831,0.5539,0.3427,38.67,23.40,38.7,vpro_mimicgen_eval/results/eval_43344870_mgxemb_run4_fullft_60k.json,probe_analysis/gate_seed1003_multi_ckpt070000,"4-frame dual, the paper's multi-view row"
mimicgen,ours_multi_2f,mg_dual2f_armB_43820899,"Ours (multi-view, 2-frame)",0,0,43820899,43836138,0.5585,0.3908,0.5439,0.3495,35.00,21.60,,vpro_mimicgen_eval/results/eval_43836138_mgxemb_run4_2f_fullft_60k.json,probe_analysis/gate_2f_multi_ckpt050000,"arm B, teacher ckpt 050000; not a paper row"
mimicgen,clam,mg_clam_run6mg_44697824,CLAM-style,1,0,44697824,44712994,0.5514,0.3842,0.5425,0.3444,32.33,19.60,32.3,vpro_mimicgen_eval/results/eval_44712994_mgxemb_run6_clam_2f_fullft_60k.json,probe_analysis/gate_2f_clam_ckpt070000,
mimicgen,laof,mg_flowbmse_run10b_45347502,LAOF-style,1,0,45347502,45357797,0.5758,0.2924,0.5584,0.2642,33.33,20.40,33.4,vpro_mimicgen_eval/results/eval_45357797_mgxemb_run10_bmse_2f_fullft_60k.json,probe_analysis/gate_2f_fbmse,"bounded-MSE flow (run10b); paper prints 33.4, eval gives 33.33"
mimicgen,laof_sl1,mg_flowsl1_run10mg_45069925,LAOF-style (smooth-L1),0,0,45069925,45114086,0.5577,0.3349,0.5474,0.2934,27.33,16.40,,vpro_mimicgen_eval/results/eval_45114086_mgxemb_run10_flow_2f_fullft_60k.json,probe_analysis/gate_2f_flow,"run10-mg, unbounded objective; not a paper row"
mimicgen,dino,mg_dino_run7mg_44595589,UniVLA-style (DINOv3),1,0,44595589,44628515,0.5171,0.3423,0.4996,0.2957,28.67,17.40,28.7,vpro_mimicgen_eval/results/eval_44628515_mgxemb_run7_dino_2f_fullft_60k.json,probe_analysis/gate_2f_dino_ckpt070000,
mimicgen,lapa,mg_lapaft_run11mg_45041442,Ours (LAPA-pretrained),1,0,45041442,45055978,0.5073,0.3274,0.4795,0.2817,30.33,18.80,30.4,vpro_mimicgen_eval/results/eval_45055978_mgxemb_run11_lapaft_2f_policy_fullft_60k.json,probe_analysis/gate_2f_lapaft_ckpt070000,paper prints 30.4; eval gives 30.33
mimicgen,villax_cont,mg_villax_prevq_run8mg,villa-X (cont. latent),1,0,villa-X frozen,44705485,0.3202,0.2407,0.3103,0.2326,21.00,12.60,22.0,vpro_mimicgen_eval/results/eval_44705485_mgxemb_run8_villax_prevq_2f_fullft_60k.json,probe_analysis/gate_2f_villax_prevq,paper prints 22.0 = the 80k eval; 60k gives 21.00
mimicgen,villax_vq,mg_villax_vq_run8mg,villa-X (VQ latent),1,0,villa-X frozen,,0.2301,-0.0229,0.2213,-0.0274,,,18.8,no evaluation found on st-07 or in the brain (the VQ arm was not run on MimicGen); paper value only,probe_analysis/gate_2f_villax_vq,SR exists only as the paper-table value
