pair,role,episode,frame,step,task,z0,z1,z2,z3,z4,z5,z6,z7,zc0,zc1,zc2,zc3,zc4,zc5,zc6,zc7
right,robot,10009,60,0,push milk to the right,-0.1192,0.9044,0.477,-0.5709,-0.6668,0.227,0.1828,0.1085,-0.1938,0.4234,0.138,-0.2174,-0.2994,0.0425,-0.2637,0.2637
right,robot,10009,61,1,push milk to the right,-0.0221,0.8804,0.4487,-0.6063,-0.6197,0.1649,0.178,0.0966,-0.0967,0.3994,0.1096,-0.2529,-0.2524,-0.0196,-0.2684,0.2518
right,robot,10009,62,2,push milk to the right,0.0561,0.8592,0.4364,-0.6235,-0.5843,0.1389,0.1706,0.0941,-0.0185,0.3782,0.0974,-0.27,-0.2169,-0.0456,-0.2758,0.2493
right,robot,10009,63,3,push milk to the right,0.0684,0.8667,0.4134,-0.652,-0.6197,0.1319,0.2013,0.0676,-0.0062,0.3856,0.0744,-0.2986,-0.2523,-0.0526,-0.2451,0.2228
right,robot,10009,64,4,push milk to the right,0.1055,0.8624,0.3829,-0.6594,-0.6182,0.1159,0.2126,0.0737,0.0309,0.3813,0.0439,-0.3059,-0.2508,-0.0687,-0.2339,0.2289
right,robot,10009,65,5,push milk to the right,0.1338,0.852,0.3642,-0.672,-0.5878,0.1025,0.2237,0.0729,0.0593,0.371,0.0252,-0.3186,-0.2204,-0.0821,-0.2227,0.2281
right,robot,10009,66,6,push milk to the right,0.1533,0.886,0.3376,-0.7072,-0.6358,0.0953,0.2687,0.0543,0.0787,0.405,-0.0014,-0.3538,-0.2685,-0.0892,-0.1777,0.2095
right,robot,10009,67,7,push milk to the right,0.1478,0.9109,0.3108,-0.7374,-0.6929,0.0953,0.3011,0.055,0.0732,0.4298,-0.0282,-0.384,-0.3255,-0.0892,-0.1453,0.2102
right,robot,10009,68,8,push milk to the right,0.1975,0.8984,0.2874,-0.7665,-0.7007,0.0791,0.327,0.0483,0.1229,0.4173,-0.0516,-0.4131,-0.3333,-0.1054,-0.1194,0.2035
right,robot,10009,69,9,push milk to the right,0.2023,0.9089,0.2785,-0.7958,-0.7499,0.0827,0.3384,0.0106,0.1277,0.4279,-0.0605,-0.4424,-0.3825,-0.1019,-0.108,0.1657
right,robot,10009,70,10,push milk to the right,0.2183,0.9343,0.2433,-0.8226,-0.7831,0.0921,0.3606,0.0111,0.1438,0.4533,-0.0957,-0.4692,-0.4157,-0.0924,-0.0858,0.1663
right,robot,10009,71,11,push milk to the right,0.242,0.9074,0.2254,-0.8202,-0.7428,0.0674,0.3477,0.0466,0.1674,0.4264,-0.1136,-0.4667,-0.3754,-0.1171,-0.0988,0.2018
right,robot,10009,72,12,push milk to the right,0.2689,0.9095,0.2021,-0.8306,-0.7462,0.0781,0.3726,0.057,0.1944,0.4285,-0.1369,-0.4771,-0.3789,-0.1065,-0.0738,0.2122
right,robot,10009,73,13,push milk to the right,0.2975,0.8894,0.2206,-0.8192,-0.678,0.0601,0.3431,0.0668,0.2229,0.4084,-0.1184,-0.4657,-0.3106,-0.1245,-0.1033,0.222
right,robot,10009,74,14,push milk to the right,0.2914,0.8907,0.2321,-0.7986,-0.6462,0.0633,0.3505,0.0882,0.2168,0.4097,-0.1069,-0.4451,-0.2788,-0.1212,-0.096,0.2434
right,robot,10009,75,15,push milk to the right,0.2826,0.8932,0.2355,-0.7905,-0.6328,0.0769,0.3356,0.0861,0.208,0.4122,-0.1035,-0.4371,-0.2655,-0.1076,-0.1108,0.2413
right,robot,10009,76,16,push milk to the right,0.2901,0.8766,0.2367,-0.7771,-0.6379,0.1196,0.3341,0.1063,0.2155,0.3956,-0.1023,-0.4236,-0.2705,-0.065,-0.1124,0.2615
right,robot,10009,77,17,push milk to the right,0.2774,0.8793,0.256,-0.768,-0.6145,0.127,0.3386,0.1183,0.2028,0.3983,-0.083,-0.4145,-0.2471,-0.0575,-0.1079,0.2735
right,robot,10009,78,18,push milk to the right,0.2814,0.9071,0.234,-0.7351,-0.6368,0.1273,0.3749,0.1559,0.2068,0.4261,-0.105,-0.3816,-0.2694,-0.0572,-0.0715,0.3111
right,robot,10009,79,19,push milk to the right,0.2848,0.905,0.2019,-0.732,-0.6276,0.1061,0.3936,0.1745,0.2102,0.424,-0.1372,-0.3786,-0.2603,-0.0784,-0.0528,0.3297
right,robot,10009,80,20,push milk to the right,0.314,0.9023,0.1955,-0.7256,-0.5924,0.0856,0.4161,0.1957,0.2394,0.4213,-0.1435,-0.3721,-0.2251,-0.099,-0.0303,0.3509
right,robot,10009,81,21,push milk to the right,0.3116,0.9164,0.1843,-0.7107,-0.5832,0.0753,0.445,0.2136,0.237,0.4354,-0.1547,-0.3572,-0.2158,-0.1093,-0.0014,0.3688
right,robot,10009,82,22,push milk to the right,0.3319,0.9084,0.1716,-0.6877,-0.5914,0.0518,0.4435,0.2282,0.2573,0.4274,-0.1675,-0.3342,-0.224,-0.1327,-0.003,0.3834
right,robot,10009,83,23,push milk to the right,0.3222,0.9077,0.1689,-0.6971,-0.5959,0.055,0.4381,0.2285,0.2477,0.4267,-0.1701,-0.3436,-0.2286,-0.1295,-0.0083,0.3836
right,robot,10009,84,24,push milk to the right,0.3394,0.8888,0.1716,-0.6775,-0.5735,0.0501,0.4258,0.2519,0.2649,0.4077,-0.1674,-0.324,-0.2062,-0.1345,-0.0206,0.4071
right,robot,10009,85,25,push milk to the right,0.3343,0.8568,0.1568,-0.6691,-0.5468,0.0614,0.4083,0.2703,0.2598,0.3758,-0.1823,-0.3156,-0.1794,-0.1231,-0.0382,0.4255
right,robot,10009,86,26,push milk to the right,0.355,0.8287,0.1861,-0.6731,-0.5427,0.0624,0.3586,0.2423,0.2804,0.3477,-0.1529,-0.3196,-0.1753,-0.1221,-0.0878,0.3975
right,robot,10009,87,27,push milk to the right,0.3225,0.8271,0.1949,-0.6832,-0.5787,0.0797,0.3568,0.229,0.2479,0.346,-0.1441,-0.3298,-0.2113,-0.1048,-0.0896,0.3842
right,robot,10009,88,28,push milk to the right,0.3218,0.8136,0.1895,-0.7165,-0.5858,0.0778,0.3554,0.2117,0.2472,0.3325,-0.1496,-0.3631,-0.2184,-0.1067,-0.091,0.3669
right,robot,10009,89,29,push milk to the right,0.3382,0.8046,0.1981,-0.7447,-0.6118,0.0683,0.3313,0.2087,0.2636,0.3236,-0.141,-0.3913,-0.2444,-0.1163,-0.1152,0.3639
right,human,11012,55,0,push milk to the right,-0.1392,0.46,0.0786,-0.3671,-0.5452,-0.0169,-0.0851,0.22,-0.0469,0.209,0.1498,-0.0849,-0.0283,0.0155,-0.1259,0.1764
right,human,11012,56,1,push milk to the right,-0.152,0.537,0.0285,-0.38,-0.6166,-0.0464,-0.0066,0.2061,-0.0598,0.286,0.0996,-0.0978,-0.0997,-0.0139,-0.0473,0.1626
right,human,11012,57,2,push milk to the right,-0.0638,0.5673,-0.0125,-0.3969,-0.5729,-0.0894,0.0235,0.1978,0.0285,0.3163,0.0587,-0.1146,-0.056,-0.0569,-0.0172,0.1542
right,human,11012,58,3,push milk to the right,-0.0324,0.5826,-0.0124,-0.4391,-0.5743,-0.1061,0.0176,0.1717,0.0599,0.3316,0.0588,-0.1568,-0.0574,-0.0736,-0.0232,0.1281
right,human,11012,59,4,push milk to the right,0.0757,0.6109,-0.0488,-0.5017,-0.5717,-0.1706,0.0206,0.1104,0.1679,0.3599,0.0223,-0.2195,-0.0548,-0.1381,-0.0202,0.0668
right,human,11012,60,5,push milk to the right,0.1296,0.6288,-0.0561,-0.5143,-0.5336,-0.2124,0.0495,0.0664,0.2219,0.3778,0.0151,-0.2321,-0.0168,-0.1799,0.0087,0.0228
right,human,11012,61,6,push milk to the right,0.2018,0.6003,-0.0651,-0.5566,-0.492,-0.2543,0.0368,0.0215,0.294,0.3493,0.0061,-0.2744,0.0249,-0.2219,-0.004,-0.022
right,human,11012,62,7,push milk to the right,0.1587,0.5987,-0.0501,-0.5516,-0.5199,-0.2273,0.0208,0.0244,0.251,0.3477,0.0211,-0.2694,-0.003,-0.1948,-0.02,-0.0192
right,human,11012,63,8,push milk to the right,0.1389,0.6459,-0.0798,-0.5439,-0.5366,-0.2212,0.045,0.0188,0.2312,0.3949,-0.0086,-0.2616,-0.0197,-0.1887,0.0042,-0.0247
right,human,11012,64,9,push milk to the right,0.0979,0.6791,-0.0731,-0.5184,-0.561,-0.1949,0.0813,0.0449,0.1902,0.4281,-0.002,-0.2361,-0.0441,-0.1625,0.0405,0.0013
right,human,11012,65,10,push milk to the right,0.0617,0.6894,-0.0992,-0.5418,-0.6176,-0.1841,0.0953,0.0444,0.154,0.4383,-0.028,-0.2595,-0.1007,-0.1517,0.0545,0.0008
right,human,11012,66,11,push milk to the right,0.0638,0.6794,-0.1184,-0.5075,-0.6246,-0.1777,0.0889,0.0573,0.156,0.4284,-0.0473,-0.2253,-0.1077,-0.1452,0.0482,0.0138
right,human,11012,67,12,push milk to the right,0.126,0.7239,-0.1937,-0.5734,-0.6465,-0.2451,0.1163,0.0064,0.2182,0.4729,-0.1226,-0.2912,-0.1297,-0.2127,0.0755,-0.0372
right,human,11012,68,13,push milk to the right,0.1485,0.7002,-0.236,-0.5797,-0.6421,-0.2485,0.1209,0.0096,0.2408,0.4492,-0.1648,-0.2975,-0.1252,-0.2161,0.0801,-0.034
right,human,11012,69,14,push milk to the right,0.1166,0.6453,-0.1954,-0.572,-0.6276,-0.2149,0.0804,0.0433,0.2089,0.3943,-0.1242,-0.2898,-0.1107,-0.1824,0.0397,-0.0003
right,human,11012,70,15,push milk to the right,0.1467,0.6299,-0.1856,-0.5612,-0.6054,-0.2008,0.0843,0.046,0.2389,0.3789,-0.1145,-0.279,-0.0885,-0.1683,0.0435,0.0024
right,human,11012,71,16,push milk to the right,0.1376,0.6544,-0.1823,-0.5912,-0.5842,-0.2017,0.1196,0.0356,0.2298,0.4034,-0.1111,-0.309,-0.0673,-0.1693,0.0789,-0.0079
right,human,11012,72,17,push milk to the right,0.1488,0.6385,-0.1663,-0.5681,-0.561,-0.1781,0.1141,0.0635,0.2411,0.3875,-0.0952,-0.2859,-0.0441,-0.1457,0.0734,0.0199
right,human,11012,73,18,push milk to the right,0.1482,0.6454,-0.1398,-0.5684,-0.5325,-0.1757,0.125,0.0597,0.2404,0.3944,-0.0687,-0.2862,-0.0156,-0.1433,0.0842,0.0162
right,human,11012,74,19,push milk to the right,0.2442,0.7135,-0.2225,-0.6228,-0.5701,-0.2181,0.1762,0.0043,0.3365,0.4625,-0.1513,-0.3406,-0.0532,-0.1857,0.1355,-0.0392
right,human,11012,75,20,push milk to the right,0.2784,0.6598,-0.2106,-0.6091,-0.4851,-0.2219,0.1476,0.0142,0.3707,0.4088,-0.1394,-0.3268,0.0318,-0.1895,0.1068,-0.0294
right,human,11012,76,21,push milk to the right,0.3048,0.5977,-0.1888,-0.5833,-0.4484,-0.2124,0.1161,0.0397,0.3971,0.3467,-0.1176,-0.3011,0.0685,-0.1799,0.0753,-0.0039
right,human,11012,77,22,push milk to the right,0.2558,0.5668,-0.1399,-0.5481,-0.4352,-0.1731,0.0982,0.0602,0.3481,0.3158,-0.0687,-0.2658,0.0817,-0.1407,0.0574,0.0166
right,human,11012,78,23,push milk to the right,0.2786,0.5537,-0.1942,-0.5597,-0.4534,-0.1795,0.1038,0.067,0.3708,0.3027,-0.1231,-0.2775,0.0635,-0.1471,0.0631,0.0235
right,human,11012,79,24,push milk to the right,0.2614,0.4737,-0.1685,-0.5259,-0.3923,-0.1723,0.0744,0.1104,0.3537,0.2227,-0.0974,-0.2437,0.1246,-0.1399,0.0337,0.0668
right,human,11012,80,25,push milk to the right,0.2476,0.4863,-0.1847,-0.532,-0.4621,-0.156,0.1011,0.1107,0.3399,0.2353,-0.1135,-0.2498,0.0548,-0.1236,0.0604,0.0672
right,human,11012,81,26,push milk to the right,0.2297,0.5237,-0.1814,-0.5493,-0.4962,-0.1474,0.1292,0.0814,0.3219,0.2727,-0.1102,-0.2671,0.0207,-0.115,0.0884,0.0378
right,human,11012,82,27,push milk to the right,0.2813,0.5684,-0.275,-0.582,-0.5219,-0.1848,0.1896,0.0739,0.3736,0.3174,-0.2038,-0.2998,-0.0051,-0.1524,0.1488,0.0303
right,human,11012,83,28,push milk to the right,0.2656,0.5595,-0.2756,-0.5689,-0.5548,-0.165,0.1972,0.0745,0.3579,0.3085,-0.2044,-0.2867,-0.0379,-0.1326,0.1564,0.0309
right,human,11012,84,29,push milk to the right,0.2079,0.5633,-0.2434,-0.5407,-0.6048,-0.1102,0.2034,0.0938,0.3002,0.3123,-0.1722,-0.2585,-0.0879,-0.0778,0.1626,0.0503
up_right,robot,563,105,0,banana in black bowl,0.1027,0.4133,0.709,-0.2128,-0.6762,-0.095,0.3939,0.0723,0.0281,-0.0677,0.37,0.1406,-0.3088,-0.2795,-0.0525,0.2275
up_right,robot,563,106,1,banana in black bowl,0.1009,0.4025,0.7197,-0.2058,-0.646,-0.0978,0.3776,0.0772,0.0263,-0.0785,0.3807,0.1477,-0.2786,-0.2823,-0.0688,0.2324
up_right,robot,563,107,2,banana in black bowl,0.037,0.4097,0.7117,-0.1616,-0.6737,-0.0639,0.3985,0.13,-0.0375,-0.0713,0.3727,0.1919,-0.3064,-0.2484,-0.048,0.2851
up_right,robot,563,108,3,banana in black bowl,0.045,0.3804,0.7266,-0.179,-0.6432,-0.0649,0.3617,0.1211,-0.0296,-0.1007,0.3876,0.1745,-0.2758,-0.2494,-0.0847,0.2763
up_right,robot,563,109,4,banana in black bowl,0.0212,0.3754,0.7126,-0.1744,-0.6471,-0.0537,0.3503,0.1101,-0.0534,-0.1057,0.3735,0.1791,-0.2798,-0.2382,-0.0962,0.2652
up_right,robot,563,110,5,banana in black bowl,0.0276,0.359,0.7008,-0.2109,-0.6789,-0.0647,0.3293,0.0814,-0.047,-0.122,0.3617,0.1425,-0.3115,-0.2492,-0.1172,0.2366
up_right,robot,563,111,6,banana in black bowl,0.059,0.3412,0.6851,-0.2332,-0.6614,-0.0739,0.3192,0.0871,-0.0156,-0.1398,0.3461,0.1202,-0.294,-0.2584,-0.1273,0.2423
up_right,robot,563,112,7,banana in black bowl,0.1181,0.3237,0.6916,-0.2868,-0.6227,-0.1022,0.2892,0.0556,0.0436,-0.1573,0.3526,0.0667,-0.2553,-0.2867,-0.1572,0.2108
up_right,robot,563,113,8,banana in black bowl,0.1113,0.3326,0.7,-0.2898,-0.6278,-0.1025,0.2886,0.047,0.0368,-0.1484,0.361,0.0637,-0.2605,-0.287,-0.1578,0.2022
up_right,robot,563,114,9,banana in black bowl,0.1401,0.3312,0.7109,-0.283,-0.6094,-0.1142,0.2994,0.0453,0.0655,-0.1498,0.3718,0.0705,-0.242,-0.2987,-0.1471,0.2005
up_right,robot,563,115,10,banana in black bowl,0.1475,0.3404,0.6962,-0.3001,-0.6147,-0.1283,0.2931,0.0264,0.073,-0.1406,0.3572,0.0534,-0.2474,-0.3128,-0.1534,0.1816
up_right,robot,563,116,11,banana in black bowl,0.1533,0.3687,0.6914,-0.2895,-0.5942,-0.1395,0.3146,0.0212,0.0788,-0.1123,0.3524,0.064,-0.2268,-0.324,-0.1318,0.1764
up_right,robot,563,117,12,banana in black bowl,0.1554,0.372,0.6871,-0.29,-0.5913,-0.142,0.3122,0.0269,0.0808,-0.109,0.3481,0.0634,-0.2239,-0.3265,-0.1343,0.1821
up_right,robot,563,118,13,banana in black bowl,0.1666,0.3656,0.6856,-0.2548,-0.5425,-0.1312,0.3276,0.0579,0.092,-0.1154,0.3466,0.0987,-0.1751,-0.3157,-0.1188,0.213
up_right,robot,563,119,14,banana in black bowl,0.1644,0.3675,0.6865,-0.2545,-0.5381,-0.1291,0.3269,0.0564,0.0898,-0.1135,0.3475,0.0989,-0.1707,-0.3136,-0.1195,0.2116
up_right,robot,563,120,15,banana in black bowl,0.2545,0.4203,0.6732,-0.2514,-0.4773,-0.1867,0.3728,0.062,0.1799,-0.0607,0.3342,0.1021,-0.1099,-0.3712,-0.0736,0.2172
up_right,robot,563,121,16,banana in black bowl,0.2564,0.4229,0.6712,-0.2576,-0.4839,-0.1877,0.3675,0.0557,0.1818,-0.0581,0.3321,0.0959,-0.1165,-0.3723,-0.079,0.2109
up_right,robot,563,122,17,banana in black bowl,0.3784,0.3979,0.6691,-0.3442,-0.3688,-0.2624,0.3827,-0.0537,0.3038,-0.0831,0.3301,0.0092,-0.0015,-0.4469,-0.0638,0.1015
up_right,robot,563,123,18,banana in black bowl,0.3765,0.389,0.6632,-0.371,-0.3977,-0.2713,0.3782,-0.0741,0.3019,-0.092,0.3242,-0.0175,-0.0303,-0.4558,-0.0682,0.0811
up_right,robot,563,124,19,banana in black bowl,0.5226,0.4421,0.6743,-0.5373,-0.3164,-0.3755,0.4285,-0.2967,0.448,-0.0389,0.3352,-0.1838,0.051,-0.56,-0.0179,-0.1416
up_right,robot,563,125,20,banana in black bowl,0.4799,0.4093,0.6947,-0.5364,-0.3358,-0.3301,0.3875,-0.3117,0.4053,-0.0717,0.3557,-0.1829,0.0316,-0.5146,-0.059,-0.1565
up_right,robot,563,126,21,banana in black bowl,0.5933,0.4026,0.6678,-0.678,-0.2042,-0.3669,0.4341,-0.6225,0.5187,-0.0784,0.3288,-0.3245,0.1632,-0.5515,-0.0123,-0.4674
up_right,robot,563,127,22,banana in black bowl,0.5528,0.3912,0.6876,-0.65,-0.2477,-0.3309,0.401,-0.551,0.4783,-0.0898,0.3486,-0.2965,0.1197,-0.5154,-0.0455,-0.3958
up_right,robot,563,128,23,banana in black bowl,0.6627,0.4442,0.6152,-0.8021,-0.1604,-0.3905,0.5483,-0.8879,0.5881,-0.0368,0.2761,-0.4486,0.207,-0.575,0.1018,-0.7327
up_right,robot,563,129,24,banana in black bowl,0.624,0.4343,0.6861,-0.7315,-0.2447,-0.3429,0.4535,-0.7386,0.5494,-0.0467,0.3471,-0.3781,0.1227,-0.5274,0.007,-0.5834
up_right,robot,563,130,25,banana in black bowl,0.7131,0.4836,0.6286,-0.89,-0.1469,-0.4097,0.598,-1.0782,0.6386,0.0026,0.2896,-0.5365,0.2205,-0.5942,0.1515,-0.923
up_right,robot,563,131,26,banana in black bowl,0.6749,0.4682,0.6295,-0.877,-0.1643,-0.3971,0.6042,-1.0291,0.6003,-0.0128,0.2905,-0.5236,0.203,-0.5816,0.1578,-0.8739
up_right,robot,563,132,27,banana in black bowl,0.6565,0.4602,0.6357,-0.8504,-0.1729,-0.3737,0.6029,-0.989,0.5819,-0.0208,0.2967,-0.4969,0.1945,-0.5582,0.1565,-0.8338
up_right,robot,563,133,28,banana in black bowl,0.6855,0.457,0.6714,-0.8568,-0.1117,-0.3232,0.5559,-1.0113,0.6109,-0.024,0.3324,-0.5033,0.2557,-0.5077,0.1095,-0.8561
up_right,robot,563,134,29,banana in black bowl,0.6656,0.4602,0.6838,-0.8318,-0.1258,-0.2994,0.5557,-0.9668,0.591,-0.0208,0.3448,-0.4784,0.2416,-0.4839,0.1092,-0.8116
up_right,human,13030,40,0,banana in black bowl (new background),-0.2184,0.1715,0.3146,-0.2168,-0.5726,-0.135,0.0579,0.0177,-0.1262,-0.0795,0.3857,0.0654,-0.0557,-0.1026,0.0171,-0.0259
up_right,human,13030,41,1,banana in black bowl (new background),-0.2136,0.1753,0.3043,-0.2332,-0.5931,-0.1531,0.0473,0.0212,-0.1213,-0.0757,0.3754,0.049,-0.0763,-0.1207,0.0066,-0.0224
up_right,human,13030,42,2,banana in black bowl (new background),-0.2597,0.1507,0.3106,-0.2208,-0.6096,-0.1307,0.0264,0.0237,-0.1674,-0.1003,0.3818,0.0614,-0.0927,-0.0983,-0.0144,-0.0198
up_right,human,13030,43,3,banana in black bowl (new background),-0.265,0.1509,0.3131,-0.2172,-0.6405,-0.1153,0.0198,0.0177,-0.1728,-0.1001,0.3843,0.0651,-0.1236,-0.0829,-0.0209,-0.0259
up_right,human,13030,44,4,banana in black bowl (new background),-0.2746,0.1735,0.2793,-0.2339,-0.6858,-0.1406,0.0427,0.0358,-0.1824,-0.0775,0.3505,0.0484,-0.1689,-0.1082,0.002,-0.0078
up_right,human,13030,45,5,banana in black bowl (new background),-0.241,0.185,0.2723,-0.2147,-0.6908,-0.1462,0.0496,0.0667,-0.1488,-0.066,0.3435,0.0676,-0.1739,-0.1138,0.0089,0.0231
up_right,human,13030,46,6,banana in black bowl (new background),-0.2229,0.2044,0.2663,-0.2173,-0.6975,-0.1624,0.0654,0.0784,-0.1306,-0.0466,0.3374,0.0649,-0.1807,-0.13,0.0247,0.0348
up_right,human,13030,47,7,banana in black bowl (new background),-0.1796,0.2341,0.2484,-0.24,-0.7243,-0.2027,0.0877,0.0897,-0.0874,-0.0169,0.3196,0.0422,-0.2074,-0.1702,0.0469,0.0461
up_right,human,13030,48,8,banana in black bowl (new background),-0.1575,0.2151,0.2364,-0.2333,-0.7037,-0.2087,0.0853,0.0881,-0.0652,-0.0359,0.3076,0.0489,-0.1868,-0.1763,0.0445,0.0446
up_right,human,13030,49,9,banana in black bowl (new background),-0.1388,0.2258,0.2582,-0.231,-0.6652,-0.2021,0.081,0.0748,-0.0465,-0.0252,0.3294,0.0512,-0.1484,-0.1697,0.0403,0.0312
up_right,human,13030,50,10,banana in black bowl (new background),-0.1316,0.2125,0.2747,-0.2263,-0.6198,-0.1993,0.0663,0.0775,-0.0394,-0.0385,0.3459,0.0559,-0.103,-0.1669,0.0256,0.0339
up_right,human,13030,51,11,banana in black bowl (new background),-0.067,0.207,0.2817,-0.2463,-0.5289,-0.2289,0.0604,0.0405,0.0253,-0.044,0.3529,0.0359,-0.012,-0.1965,0.0197,-0.0031
up_right,human,13030,52,12,banana in black bowl (new background),-0.0434,0.2395,0.2882,-0.2418,-0.5088,-0.2407,0.075,0.0408,0.0489,-0.0115,0.3594,0.0405,0.0081,-0.2083,0.0342,-0.0028
up_right,human,13030,53,13,banana in black bowl (new background),-0.0445,0.2632,0.295,-0.2702,-0.499,-0.2643,0.0951,0.024,0.0478,0.0122,0.3662,0.012,0.0178,-0.2319,0.0543,-0.0196
up_right,human,13030,54,14,banana in black bowl (new background),0.0017,0.2512,0.3044,-0.2864,-0.4411,-0.2827,0.0807,0.0105,0.0939,0.0001,0.3756,-0.0042,0.0758,-0.2503,0.04,-0.0331
up_right,human,13030,55,15,banana in black bowl (new background),0.0399,0.2793,0.3021,-0.3118,-0.4197,-0.2965,0.1061,-0.0539,0.1322,0.0283,0.3733,-0.0296,0.0971,-0.2641,0.0653,-0.0975
up_right,human,13030,56,16,banana in black bowl (new background),0.0698,0.3071,0.328,-0.3164,-0.4313,-0.2995,0.1174,-0.0851,0.162,0.0561,0.3992,-0.0341,0.0855,-0.2671,0.0766,-0.1287
up_right,human,13030,57,17,banana in black bowl (new background),0.113,0.309,0.2909,-0.3838,-0.4212,-0.3618,0.1241,-0.1238,0.2053,0.058,0.362,-0.1015,0.0957,-0.3293,0.0833,-0.1674
up_right,human,13030,58,18,banana in black bowl (new background),0.1568,0.3108,0.2142,-0.4826,-0.4739,-0.4434,0.1376,-0.2022,0.2491,0.0598,0.2853,-0.2004,0.043,-0.411,0.0968,-0.2458
up_right,human,13030,59,19,banana in black bowl (new background),0.1753,0.3322,0.0952,-0.5666,-0.5429,-0.5021,0.2168,-0.3056,0.2676,0.0812,0.1664,-0.2844,-0.026,-0.4697,0.176,-0.3492
up_right,human,13030,60,20,banana in black bowl (new background),0.1426,0.3091,0.0481,-0.6621,-0.5887,-0.5087,0.1973,-0.4298,0.2348,0.0581,0.1192,-0.3799,-0.0718,-0.4763,0.1565,-0.4734
up_right,human,13030,61,21,banana in black bowl (new background),0.1555,0.3067,-0.0106,-0.7482,-0.5816,-0.5583,0.2068,-0.5096,0.2477,0.0557,0.0605,-0.466,-0.0648,-0.5259,0.1661,-0.5532
up_right,human,13030,62,22,banana in black bowl (new background),0.1375,0.3295,-0.1226,-0.7938,-0.5807,-0.6114,0.2751,-0.6483,0.2298,0.0785,-0.0514,-0.5115,-0.0638,-0.5789,0.2344,-0.6919
up_right,human,13030,63,23,banana in black bowl (new background),0.1618,0.3301,-0.2165,-0.8021,-0.5164,-0.6479,0.3158,-0.7153,0.254,0.0791,-0.1453,-0.5199,0.0005,-0.6155,0.2751,-0.7589
up_right,human,13030,64,24,banana in black bowl (new background),0.129,0.3051,-0.2479,-0.831,-0.4551,-0.678,0.2953,-0.7612,0.2213,0.0541,-0.1768,-0.5488,0.0617,-0.6456,0.2545,-0.8048
up_right,human,13030,65,25,banana in black bowl (new background),0.1899,0.3589,-0.2936,-0.8184,-0.4499,-0.7101,0.377,-0.7463,0.2821,0.1079,-0.2225,-0.5362,0.067,-0.6777,0.3363,-0.7899
up_right,human,13030,66,26,banana in black bowl (new background),0.144,0.3719,-0.28,-0.8038,-0.472,-0.6795,0.4009,-0.7251,0.2363,0.1209,-0.2089,-0.5215,0.0448,-0.6471,0.3601,-0.7687
up_right,human,13030,67,27,banana in black bowl (new background),0.1145,0.3417,-0.164,-0.7288,-0.4777,-0.6102,0.344,-0.6037,0.2068,0.0907,-0.0928,-0.4466,0.0392,-0.5778,0.3033,-0.6473
up_right,human,13030,68,28,banana in black bowl (new background),0.0567,0.3136,-0.1095,-0.7318,-0.4698,-0.6373,0.3295,-0.5702,0.1489,0.0626,-0.0384,-0.4496,0.047,-0.6048,0.2887,-0.6138
up_right,human,13030,69,29,banana in black bowl (new background),0.0543,0.3332,-0.0858,-0.6703,-0.4875,-0.6037,0.3477,-0.5264,0.1465,0.0822,-0.0146,-0.3881,0.0294,-0.5713,0.3069,-0.57
left,robot,12008,20,0,banana in black bowl (new background),-0.3528,0.4049,0.3954,-0.1677,-0.2146,0.4011,0.4027,-0.3497,-0.4274,-0.0761,0.0563,0.1857,0.1527,0.2165,-0.0437,-0.1945
left,robot,12008,21,1,banana in black bowl (new background),-0.3733,0.4181,0.4246,-0.2182,-0.2338,0.3965,0.3778,-0.3374,-0.4478,-0.063,0.0856,0.1353,0.1336,0.212,-0.0687,-0.1823
left,robot,12008,22,2,banana in black bowl (new background),-0.3308,0.4131,0.4383,-0.2291,-0.262,0.3643,0.3479,-0.2846,-0.4054,-0.0679,0.0993,0.1243,0.1054,0.1797,-0.0985,-0.1294
left,robot,12008,23,3,banana in black bowl (new background),-0.3764,0.4104,0.4308,-0.2523,-0.2487,0.3971,0.3617,-0.3823,-0.451,-0.0706,0.0918,0.1011,0.1187,0.2126,-0.0847,-0.2271
left,robot,12008,24,4,banana in black bowl (new background),-0.3919,0.3498,0.4488,-0.3486,-0.2117,0.3751,0.2661,-0.4464,-0.4664,-0.1312,0.1098,0.0049,0.1557,0.1906,-0.1803,-0.2913
left,robot,12008,25,5,banana in black bowl (new background),-0.3851,0.3385,0.4538,-0.4316,-0.2717,0.345,0.2192,-0.4592,-0.4597,-0.1426,0.1148,-0.0782,0.0957,0.1605,-0.2273,-0.304
left,robot,12008,26,6,banana in black bowl (new background),-0.3836,0.361,0.4558,-0.435,-0.3348,0.3359,0.2303,-0.4448,-0.4581,-0.12,0.1167,-0.0815,0.0326,0.1514,-0.2161,-0.2896
left,robot,12008,27,7,banana in black bowl (new background),-0.4477,0.3475,0.4646,-0.4797,-0.2838,0.3601,0.204,-0.5562,-0.5223,-0.1335,0.1255,-0.1263,0.0836,0.1756,-0.2425,-0.4011
left,robot,12008,28,8,banana in black bowl (new background),-0.4823,0.3715,0.4842,-0.4771,-0.2779,0.3707,0.2107,-0.5707,-0.5568,-0.1095,0.1452,-0.1237,0.0895,0.1861,-0.2357,-0.4155
left,robot,12008,29,9,banana in black bowl (new background),-0.5016,0.4307,0.4978,-0.46,-0.3073,0.3894,0.2504,-0.5544,-0.5762,-0.0504,0.1588,-0.1065,0.0601,0.2049,-0.196,-0.3992
left,robot,12008,30,10,banana in black bowl (new background),-0.4739,0.4583,0.5012,-0.4445,-0.3084,0.3779,0.2521,-0.5305,-0.5485,-0.0227,0.1622,-0.0911,0.059,0.1934,-0.1943,-0.3753
left,robot,12008,31,11,banana in black bowl (new background),-0.656,0.4711,0.4854,-0.4246,-0.3026,0.4409,0.2891,-0.649,-0.7306,-0.0099,0.1464,-0.0712,0.0648,0.2564,-0.1573,-0.4938
left,robot,12008,32,12,banana in black bowl (new background),-0.7116,0.5529,0.4789,-0.3742,-0.3963,0.453,0.3722,-0.5857,-0.7861,0.0719,0.1399,-0.0207,-0.0289,0.2684,-0.0743,-0.4305
left,robot,12008,33,13,banana in black bowl (new background),-0.6318,0.5732,0.5106,-0.362,-0.4411,0.3962,0.358,-0.4964,-0.7064,0.0922,0.1716,-0.0085,-0.0737,0.2117,-0.0885,-0.3412
left,robot,12008,34,14,banana in black bowl (new background),-0.6375,0.5976,0.5324,-0.3609,-0.4693,0.3947,0.3421,-0.4655,-0.712,0.1166,0.1933,-0.0075,-0.1019,0.2101,-0.1044,-0.3104
left,robot,12008,35,15,banana in black bowl (new background),-0.7807,0.6003,0.4913,-0.3221,-0.4762,0.4661,0.3557,-0.5165,-0.8552,0.1193,0.1523,0.0314,-0.1088,0.2816,-0.0908,-0.3613
left,robot,12008,36,16,banana in black bowl (new background),-0.6872,0.6461,0.5436,-0.2938,-0.5628,0.4311,0.3805,-0.3851,-0.7617,0.1651,0.2046,0.0597,-0.1955,0.2466,-0.0659,-0.2299
left,robot,12008,37,17,banana in black bowl (new background),-0.5812,0.6214,0.5637,-0.306,-0.5425,0.3784,0.33,-0.3306,-0.6558,0.1404,0.2247,0.0474,-0.1751,0.1939,-0.1164,-0.1754
left,robot,12008,38,18,banana in black bowl (new background),-0.6539,0.6376,0.5594,-0.2978,-0.5433,0.4148,0.3375,-0.3298,-0.7285,0.1566,0.2204,0.0556,-0.1759,0.2303,-0.109,-0.1746
left,robot,12008,39,19,banana in black bowl (new background),-0.6938,0.6364,0.5592,-0.2511,-0.5411,0.4198,0.3386,-0.2829,-0.7683,0.1554,0.2201,0.1024,-0.1737,0.2352,-0.1079,-0.1277
left,robot,12008,40,20,banana in black bowl (new background),-0.6065,0.6294,0.6037,-0.2587,-0.5442,0.3589,0.3286,-0.221,-0.6811,0.1484,0.2646,0.0948,-0.1768,0.1744,-0.1179,-0.0658
left,robot,12008,41,21,banana in black bowl (new background),-0.5079,0.5952,0.6217,-0.28,-0.5101,0.3125,0.2692,-0.2084,-0.5825,0.1141,0.2827,0.0735,-0.1428,0.128,-0.1772,-0.0532
left,robot,12008,42,22,banana in black bowl (new background),-0.6486,0.6124,0.5952,-0.2354,-0.4689,0.3515,0.3014,-0.2305,-0.7232,0.1313,0.2562,0.1181,-0.1016,0.167,-0.1451,-0.0754
left,robot,12008,43,23,banana in black bowl (new background),-0.6463,0.6316,0.6148,-0.2132,-0.4336,0.3443,0.3057,-0.2031,-0.7208,0.1505,0.2757,0.1403,-0.0662,0.1598,-0.1407,-0.0479
left,robot,12008,44,24,banana in black bowl (new background),-0.5638,0.6192,0.6549,-0.2048,-0.407,0.2839,0.2781,-0.1376,-0.6384,0.1381,0.3159,0.1487,-0.0397,0.0994,-0.1683,0.0175
left,robot,12008,45,25,banana in black bowl (new background),-0.4866,0.618,0.6642,-0.2144,-0.4183,0.2406,0.2599,-0.0994,-0.5611,0.1369,0.3252,0.1391,-0.051,0.0561,-0.1865,0.0558
left,robot,12008,46,26,banana in black bowl (new background),-0.6547,0.6726,0.6403,-0.1761,-0.4127,0.2899,0.3236,-0.1076,-0.7293,0.1916,0.3013,0.1773,-0.0453,0.1053,-0.1228,0.0476
left,robot,12008,47,27,banana in black bowl (new background),-0.5983,0.7099,0.6542,-0.219,-0.4838,0.2499,0.326,-0.086,-0.6729,0.2288,0.3152,0.1345,-0.1164,0.0653,-0.1204,0.0692
left,robot,12008,48,28,banana in black bowl (new background),-0.5088,0.7183,0.6539,-0.2511,-0.5228,0.2035,0.3118,-0.0686,-0.5834,0.2372,0.3149,0.1023,-0.1554,0.019,-0.1347,0.0866
left,robot,12008,49,29,banana in black bowl (new background),-0.5198,0.7493,0.6455,-0.2654,-0.5752,0.2147,0.3282,-0.0786,-0.5943,0.2683,0.3065,0.0881,-0.2079,0.0302,-0.1182,0.0766
left,human,13009,15,0,banana in black bowl (new background),-0.0386,0.2002,0.0464,-0.3446,-0.4243,-0.027,0.1958,-0.402,0.0537,-0.0508,0.1176,-0.0624,0.0926,0.0054,0.155,-0.4456
left,human,13009,16,1,banana in black bowl (new background),-0.0726,0.184,0.0527,-0.3337,-0.4514,0.0026,0.1873,-0.3887,0.0197,-0.0671,0.1239,-0.0515,0.0654,0.035,0.1465,-0.4323
left,human,13009,17,2,banana in black bowl (new background),-0.1206,0.1646,0.0923,-0.3177,-0.4568,0.0256,0.1563,-0.3728,-0.0284,-0.0864,0.1634,-0.0355,0.0601,0.0581,0.1155,-0.4164
left,human,13009,18,3,banana in black bowl (new background),-0.1759,0.1537,0.1013,-0.2835,-0.4353,0.0432,0.1352,-0.3739,-0.0836,-0.0973,0.1725,-0.0013,0.0816,0.0756,0.0945,-0.4175
left,human,13009,19,4,banana in black bowl (new background),-0.2128,0.1697,0.0924,-0.2616,-0.4361,0.0354,0.1529,-0.3621,-0.1205,-0.0813,0.1636,0.0206,0.0807,0.0678,0.1122,-0.4057
left,human,13009,20,5,banana in black bowl (new background),-0.2407,0.1954,0.069,-0.2846,-0.4814,0.0227,0.1642,-0.3699,-0.1485,-0.0556,0.1402,-0.0024,0.0355,0.0552,0.1235,-0.4134
left,human,13009,21,6,banana in black bowl (new background),-0.2891,0.2096,0.068,-0.3054,-0.5079,0.0204,0.1643,-0.371,-0.1969,-0.0414,0.1392,-0.0232,0.009,0.0528,0.1235,-0.4146
left,human,13009,22,7,banana in black bowl (new background),-0.3249,0.2255,0.0503,-0.3081,-0.5279,0.0216,0.1686,-0.3688,-0.2327,-0.0255,0.1215,-0.0259,-0.011,0.054,0.1279,-0.4124
left,human,13009,23,8,banana in black bowl (new background),-0.3286,0.2411,0.0507,-0.3055,-0.5473,0.0199,0.1911,-0.3651,-0.2363,-0.0099,0.1219,-0.0233,-0.0305,0.0524,0.1504,-0.4086
left,human,13009,24,9,banana in black bowl (new background),-0.316,0.2338,0.0535,-0.3202,-0.5138,0.0123,0.1732,-0.381,-0.2238,-0.0172,0.1247,-0.038,0.0031,0.0448,0.1324,-0.4246
left,human,13009,25,10,banana in black bowl (new background),-0.319,0.2469,0.0772,-0.3231,-0.5123,0.0128,0.1589,-0.3719,-0.2267,-0.0041,0.1484,-0.0409,0.0046,0.0452,0.1182,-0.4155
left,human,13009,26,11,banana in black bowl (new background),-0.3252,0.264,0.0765,-0.294,-0.5244,0.0163,0.1661,-0.344,-0.2329,0.013,0.1477,-0.0117,-0.0075,0.0487,0.1253,-0.3876
left,human,13009,27,12,banana in black bowl (new background),-0.3497,0.2697,0.1091,-0.2924,-0.5098,0.0295,0.1487,-0.3375,-0.2574,0.0187,0.1803,-0.0101,0.007,0.0619,0.1079,-0.381
left,human,13009,28,13,banana in black bowl (new background),-0.3754,0.2604,0.1256,-0.2729,-0.5187,0.0519,0.1247,-0.316,-0.2831,0.0093,0.1968,0.0093,-0.0018,0.0843,0.084,-0.3596
left,human,13009,29,14,banana in black bowl (new background),-0.4367,0.2715,0.118,-0.2558,-0.5195,0.0689,0.1163,-0.305,-0.3445,0.0205,0.1892,0.0264,-0.0026,0.1014,0.0755,-0.3486
left,human,13009,30,15,banana in black bowl (new background),-0.4885,0.2832,0.1224,-0.2274,-0.4784,0.0868,0.1195,-0.2608,-0.3963,0.0322,0.1936,0.0548,0.0385,0.1192,0.0787,-0.3044
left,human,13009,31,16,banana in black bowl (new background),-0.5313,0.2889,0.1193,-0.2496,-0.4694,0.0857,0.1209,-0.2671,-0.4391,0.0379,0.1904,0.0327,0.0475,0.1181,0.0801,-0.3107
left,human,13009,32,17,banana in black bowl (new background),-0.5201,0.2885,0.1294,-0.2388,-0.4848,0.0751,0.1181,-0.24,-0.4278,0.0375,0.2005,0.0435,0.032,0.1075,0.0774,-0.2836
left,human,13009,33,18,banana in black bowl (new background),-0.5246,0.2772,0.1193,-0.2301,-0.464,0.0704,0.1115,-0.2142,-0.4323,0.0262,0.1905,0.0521,0.0529,0.1028,0.0707,-0.2578
left,human,13009,34,19,banana in black bowl (new background),-0.5038,0.2483,0.1312,-0.221,-0.4381,0.0605,0.0928,-0.1783,-0.4115,-0.0027,0.2024,0.0612,0.0788,0.093,0.0521,-0.2218
left,human,13009,35,20,banana in black bowl (new background),-0.5156,0.2298,0.133,-0.2115,-0.4399,0.0663,0.0845,-0.1925,-0.4233,-0.0213,0.2041,0.0708,0.077,0.0987,0.0438,-0.2361
left,human,13009,36,21,banana in black bowl (new background),-0.5414,0.2272,0.1168,-0.1742,-0.4481,0.0615,0.0846,-0.1542,-0.4491,-0.0238,0.1879,0.108,0.0688,0.0939,0.0438,-0.1978
left,human,13009,37,22,banana in black bowl (new background),-0.5398,0.2116,0.1136,-0.1388,-0.4282,0.0691,0.079,-0.1216,-0.4475,-0.0394,0.1847,0.1435,0.0887,0.1015,0.0382,-0.1651
left,human,13009,38,23,banana in black bowl (new background),-0.5555,0.2046,0.1237,-0.1303,-0.464,0.0638,0.0646,-0.1025,-0.4632,-0.0464,0.1949,0.1519,0.0529,0.0962,0.0238,-0.146
left,human,13009,39,24,banana in black bowl (new background),-0.5889,0.2239,0.1305,-0.1336,-0.4845,0.0647,0.0662,-0.1067,-0.4967,-0.0272,0.2017,0.1487,0.0324,0.0972,0.0255,-0.1503
left,human,13009,40,25,banana in black bowl (new background),-0.56,0.214,0.1376,-0.1464,-0.4864,0.0445,0.0458,-0.0914,-0.4677,-0.037,0.2087,0.1358,0.0304,0.0769,0.005,-0.135
left,human,13009,41,26,banana in black bowl (new background),-0.4951,0.1779,0.1519,-0.1458,-0.4634,0.0354,0.0102,-0.0793,-0.4029,-0.0731,0.223,0.1364,0.0535,0.0679,-0.0306,-0.1228
left,human,13009,42,27,banana in black bowl (new background),-0.5287,0.1925,0.1602,-0.1668,-0.4759,0.0233,0.0092,-0.0683,-0.4365,-0.0585,0.2314,0.1154,0.041,0.0557,-0.0315,-0.1119
left,human,13009,43,28,banana in black bowl (new background),-0.518,0.1937,0.176,-0.1785,-0.4492,0.0152,-0.009,-0.0691,-0.4257,-0.0573,0.2471,0.1037,0.0677,0.0476,-0.0497,-0.1127
left,human,13009,44,29,banana in black bowl (new background),-0.5087,0.1826,0.178,-0.1763,-0.4607,0.0121,-0.0372,-0.0385,-0.4165,-0.0684,0.2492,0.1059,0.0561,0.0445,-0.0779,-0.0821
down,robot,10003,45,0,push milk to the right,-0.632,0.8018,0.6381,-0.2488,-0.4501,0.3873,0.3877,-0.0237,-0.7066,0.3207,0.2991,0.1046,-0.0828,0.2028,-0.0587,0.1314
down,robot,10003,46,1,push milk to the right,-0.6131,0.787,0.6586,-0.2512,-0.4078,0.3714,0.3407,-0.0268,-0.6877,0.306,0.3195,0.1022,-0.0404,0.1869,-0.1058,0.1284
down,robot,10003,47,2,push milk to the right,-0.6088,0.7713,0.6354,-0.2432,-0.3604,0.3631,0.326,0.0242,-0.6833,0.2903,0.2963,0.1103,0.0069,0.1786,-0.1204,0.1794
down,robot,10003,48,3,push milk to the right,-0.5508,0.7106,0.6758,-0.2369,-0.3163,0.3365,0.2788,0.0426,-0.6254,0.2296,0.3368,0.1166,0.0511,0.152,-0.1676,0.1977
down,robot,10003,49,4,push milk to the right,-0.5798,0.6967,0.6784,-0.2164,-0.3066,0.3718,0.2429,0.0112,-0.6543,0.2157,0.3394,0.137,0.0608,0.1873,-0.2035,0.1663
down,robot,10003,50,5,push milk to the right,-0.5421,0.6614,0.7003,-0.2235,-0.2942,0.3437,0.2305,0.0145,-0.6167,0.1804,0.3612,0.13,0.0731,0.1592,-0.2159,0.1697
down,robot,10003,51,6,push milk to the right,-0.4879,0.6511,0.6861,-0.2438,-0.296,0.3197,0.1987,0.0419,-0.5625,0.1701,0.347,0.1097,0.0713,0.1351,-0.2477,0.1971
down,robot,10003,52,7,push milk to the right,-0.4356,0.6401,0.7018,-0.2707,-0.2962,0.2917,0.1574,0.0374,-0.5102,0.1591,0.3627,0.0827,0.0712,0.1072,-0.289,0.1926
down,robot,10003,53,8,push milk to the right,-0.3908,0.6437,0.6823,-0.3047,-0.2857,0.2597,0.1282,0.0572,-0.4653,0.1627,0.3433,0.0488,0.0817,0.0752,-0.3183,0.2124
down,robot,10003,54,9,push milk to the right,-0.3526,0.6539,0.6766,-0.2958,-0.294,0.188,0.1487,0.1247,-0.4272,0.1729,0.3376,0.0577,0.0733,0.0035,-0.2978,0.2799
down,robot,10003,55,10,push milk to the right,-0.3514,0.7014,0.6458,-0.3102,-0.369,0.1841,0.183,0.1347,-0.426,0.2204,0.3068,0.0433,-0.0016,-0.0004,-0.2634,0.2898
down,robot,10003,56,11,push milk to the right,-0.308,0.7401,0.6256,-0.3531,-0.4089,0.1616,0.1929,0.1427,-0.3826,0.2591,0.2866,0.0003,-0.0416,-0.0229,-0.2535,0.2979
down,robot,10003,57,12,push milk to the right,-0.318,0.8037,0.588,-0.3316,-0.4325,0.1544,0.2557,0.1914,-0.3925,0.3227,0.249,0.0218,-0.0651,-0.0302,-0.1907,0.3466
down,robot,10003,58,13,push milk to the right,-0.2999,0.8372,0.5694,-0.3304,-0.4808,0.122,0.3148,0.2037,-0.3745,0.3562,0.2303,0.023,-0.1134,-0.0625,-0.1316,0.3589
down,robot,10003,59,14,push milk to the right,-0.2303,0.8426,0.5719,-0.3593,-0.4936,0.0939,0.3368,0.1751,-0.3049,0.3616,0.2329,-0.0058,-0.1262,-0.0906,-0.1097,0.3303
down,robot,10003,60,15,push milk to the right,-0.192,0.8526,0.5519,-0.3519,-0.4517,0.0711,0.3469,0.1778,-0.2666,0.3715,0.2129,0.0015,-0.0844,-0.1134,-0.0995,0.333
down,robot,10003,61,16,push milk to the right,-0.1835,0.8386,0.5424,-0.3481,-0.4285,0.0515,0.333,0.1908,-0.2581,0.3575,0.2034,0.0054,-0.0611,-0.1331,-0.1134,0.3459
down,robot,10003,62,17,push milk to the right,-0.1079,0.824,0.5342,-0.3765,-0.4202,0.0096,0.3174,0.1905,-0.1825,0.343,0.1951,-0.023,-0.0528,-0.1749,-0.129,0.3457
down,robot,10003,63,18,push milk to the right,-0.0821,0.8041,0.5237,-0.392,-0.4155,-0.0079,0.3157,0.1972,-0.1567,0.3231,0.1847,-0.0385,-0.0482,-0.1924,-0.1308,0.3524
down,robot,10003,64,19,push milk to the right,-0.0436,0.788,0.4965,-0.4133,-0.4102,-0.0302,0.2775,0.2068,-0.1181,0.307,0.1575,-0.0599,-0.0429,-0.2148,-0.1689,0.3619
down,robot,10003,65,20,push milk to the right,-0.031,0.7925,0.4792,-0.4535,-0.4292,-0.0469,0.2819,0.1949,-0.1056,0.3114,0.1402,-0.1,-0.0618,-0.2314,-0.1646,0.35
down,robot,10003,66,21,push milk to the right,0.0023,0.8269,0.4328,-0.4882,-0.4613,-0.0997,0.3251,0.1625,-0.0723,0.3459,0.0938,-0.1348,-0.0939,-0.2842,-0.1213,0.3177
down,robot,10003,67,22,push milk to the right,0.0554,0.8154,0.3922,-0.5331,-0.4748,-0.1472,0.331,0.116,-0.0192,0.3344,0.0532,-0.1796,-0.1074,-0.3317,-0.1155,0.2712
down,robot,10003,68,23,push milk to the right,0.1254,0.8309,0.3498,-0.6436,-0.5048,-0.1925,0.361,0.0706,0.0508,0.3499,0.0108,-0.2901,-0.1374,-0.377,-0.0855,0.2257
down,robot,10003,69,24,push milk to the right,0.1345,0.8877,0.3166,-0.6614,-0.5919,-0.213,0.4264,0.0399,0.0599,0.4067,-0.0224,-0.3079,-0.2245,-0.3975,-0.02,0.1951
down,robot,10003,70,25,push milk to the right,0.1982,0.9068,0.2674,-0.7354,-0.6438,-0.2525,0.4605,-0.0484,0.1236,0.4257,-0.0716,-0.382,-0.2765,-0.437,0.0141,0.1068
down,robot,10003,71,26,push milk to the right,0.1902,0.8786,0.3015,-0.7266,-0.6503,-0.1906,0.4208,-0.0173,0.1156,0.3976,-0.0375,-0.3731,-0.2829,-0.3751,-0.0256,0.1379
down,robot,10003,72,27,push milk to the right,0.2699,0.9072,0.2157,-0.8053,-0.6648,-0.2574,0.4921,-0.0905,0.1953,0.4262,-0.1233,-0.4519,-0.2975,-0.4419,0.0457,0.0647
down,robot,10003,73,28,push milk to the right,0.2931,0.9041,0.2231,-0.7815,-0.6792,-0.2504,0.4636,-0.0825,0.2185,0.423,-0.1159,-0.4281,-0.3118,-0.4349,0.0171,0.0727
down,robot,10003,74,29,push milk to the right,0.3174,0.8718,0.243,-0.7737,-0.5811,-0.2622,0.423,-0.062,0.2428,0.3908,-0.0961,-0.4203,-0.2137,-0.4467,-0.0235,0.0931
down,human,11006,50,0,push milk to the right,-0.5992,0.4483,0.1456,-0.2793,-0.3817,-0.0339,-0.0096,-0.0179,-0.507,0.1973,0.2168,0.003,0.1352,-0.0015,-0.0504,-0.0615
down,human,11006,51,1,push milk to the right,-0.5623,0.4726,0.1498,-0.3013,-0.4098,-0.0602,-0.0134,0.0151,-0.47,0.2216,0.221,-0.0191,0.1071,-0.0278,-0.0541,-0.0285
down,human,11006,52,2,push milk to the right,-0.5081,0.4815,0.1578,-0.3191,-0.4122,-0.0752,-0.0157,0.0286,-0.4159,0.2305,0.229,-0.0368,0.1047,-0.0428,-0.0565,-0.015
down,human,11006,53,3,push milk to the right,-0.5312,0.4566,0.1418,-0.3139,-0.4258,-0.0607,-0.0322,0.0291,-0.4389,0.2056,0.213,-0.0317,0.0911,-0.0283,-0.0729,-0.0145
down,human,11006,54,4,push milk to the right,-0.657,0.4673,0.132,-0.276,-0.4217,-0.0265,-0.0016,0.017,-0.5648,0.2163,0.2032,0.0062,0.0952,0.0059,-0.0424,-0.0265
down,human,11006,55,5,push milk to the right,-0.6382,0.4623,0.1491,-0.2648,-0.4286,-0.0398,0.0027,0.0346,-0.546,0.2113,0.2202,0.0174,0.0883,-0.0073,-0.038,-0.0089
down,human,11006,56,6,push milk to the right,-0.5929,0.463,0.1586,-0.2778,-0.4239,-0.0524,0.0028,0.0316,-0.5007,0.212,0.2298,0.0044,0.0929,-0.02,-0.0379,-0.0119
down,human,11006,57,7,push milk to the right,-0.6798,0.4671,0.1331,-0.2139,-0.3939,-0.0359,0.0246,0.0467,-0.5875,0.2161,0.2042,0.0683,0.123,-0.0035,-0.0162,0.0031
down,human,11006,58,8,push milk to the right,-0.655,0.4863,0.1433,-0.2168,-0.3945,-0.0568,0.0298,0.0802,-0.5627,0.2353,0.2145,0.0655,0.1224,-0.0244,-0.0109,0.0366
down,human,11006,59,9,push milk to the right,-0.5383,0.504,0.1406,-0.2138,-0.3971,-0.0999,0.0144,0.129,-0.4461,0.253,0.2118,0.0684,0.1197,-0.0675,-0.0264,0.0854
down,human,11006,60,10,push milk to the right,-0.4672,0.5017,0.1437,-0.2367,-0.3812,-0.1145,-0.0038,0.1202,-0.375,0.2506,0.2148,0.0455,0.1356,-0.082,-0.0446,0.0766
down,human,11006,61,11,push milk to the right,-0.4948,0.497,0.1416,-0.2343,-0.3724,-0.1088,0.005,0.1381,-0.4025,0.246,0.2128,0.0479,0.1445,-0.0763,-0.0357,0.0945
down,human,11006,62,12,push milk to the right,-0.3867,0.4822,0.1752,-0.3035,-0.3873,-0.1372,-0.0053,0.1474,-0.2944,0.2312,0.2464,-0.0213,0.1296,-0.1048,-0.046,0.1038
down,human,11006,63,13,push milk to the right,-0.3193,0.4553,0.1977,-0.3256,-0.3635,-0.1551,-0.0134,0.1397,-0.227,0.2043,0.2688,-0.0434,0.1534,-0.1227,-0.0541,0.0961
down,human,11006,64,14,push milk to the right,-0.2855,0.4371,0.2126,-0.3612,-0.3599,-0.1709,-0.0348,0.1202,-0.1932,0.1861,0.2838,-0.079,0.157,-0.1385,-0.0756,0.0766
down,human,11006,65,15,push milk to the right,-0.3168,0.4384,0.2177,-0.3467,-0.3848,-0.16,-0.0213,0.1317,-0.2245,0.1874,0.2889,-0.0645,0.1321,-0.1276,-0.062,0.0881
down,human,11006,66,16,push milk to the right,-0.2722,0.4305,0.2065,-0.3815,-0.4085,-0.1803,-0.0364,0.122,-0.18,0.1794,0.2777,-0.0992,0.1084,-0.1479,-0.0772,0.0784
down,human,11006,67,17,push milk to the right,-0.2535,0.4268,0.2068,-0.399,-0.4164,-0.1866,-0.0444,0.1103,-0.1613,0.1758,0.278,-0.1168,0.1005,-0.1542,-0.0851,0.0667
down,human,11006,68,18,push milk to the right,-0.2778,0.4607,0.1978,-0.4177,-0.4783,-0.1807,-0.0271,0.1031,-0.1855,0.2097,0.269,-0.1355,0.0386,-0.1483,-0.0678,0.0595
down,human,11006,69,19,push milk to the right,-0.2569,0.4798,0.1888,-0.436,-0.4954,-0.1984,-0.0174,0.1003,-0.1646,0.2288,0.26,-0.1538,0.0215,-0.166,-0.0582,0.0567
down,human,11006,70,20,push milk to the right,-0.2025,0.4855,0.1627,-0.4661,-0.492,-0.2332,-0.0176,0.0771,-0.1102,0.2345,0.2339,-0.1839,0.0249,-0.2008,-0.0583,0.0335
down,human,11006,71,21,push milk to the right,-0.199,0.4902,0.1638,-0.466,-0.4837,-0.2383,-0.0153,0.078,-0.1067,0.2392,0.2349,-0.1837,0.0332,-0.2059,-0.056,0.0344
down,human,11006,72,22,push milk to the right,-0.1941,0.5275,0.1227,-0.5129,-0.5234,-0.282,0.0127,0.074,-0.1019,0.2765,0.1939,-0.2307,-0.0065,-0.2496,-0.0281,0.0304
down,human,11006,73,23,push milk to the right,-0.1539,0.5338,0.1069,-0.5306,-0.5266,-0.3043,0.0269,0.0631,-0.0617,0.2828,0.178,-0.2484,-0.0097,-0.2719,-0.0138,0.0195
down,human,11006,74,24,push milk to the right,-0.1421,0.5239,0.0859,-0.5346,-0.5167,-0.3302,0.0354,0.0683,-0.0498,0.2729,0.1571,-0.2523,0.0002,-0.2978,-0.0054,0.0247
down,human,11006,75,25,push milk to the right,-0.1562,0.5242,0.0988,-0.5249,-0.5105,-0.3241,0.0393,0.0775,-0.0639,0.2732,0.17,-0.2427,0.0064,-0.2917,-0.0015,0.034
down,human,11006,76,26,push milk to the right,-0.0794,0.539,0.0559,-0.6017,-0.5137,-0.4037,0.0644,0.0364,0.0128,0.288,0.1271,-0.3195,0.0032,-0.3713,0.0237,-0.0071
down,human,11006,77,27,push milk to the right,-0.0318,0.5195,0.0487,-0.6022,-0.4736,-0.4083,0.0425,0.0352,0.0604,0.2684,0.1199,-0.32,0.0433,-0.3758,0.0017,-0.0084
down,human,11006,78,28,push milk to the right,-0.0157,0.522,0.0302,-0.6087,-0.4554,-0.4331,0.0476,0.035,0.0766,0.271,0.1014,-0.3265,0.0614,-0.4007,0.0068,-0.0086
down,human,11006,79,29,push milk to the right,-0.0186,0.5204,0.05,-0.5965,-0.4299,-0.4196,0.0376,0.0405,0.0737,0.2693,0.1212,-0.3143,0.087,-0.3872,-0.0031,-0.0031
