pair,direction,step,time_s,cos_generated_vs_source_real,cos_generated_vs_target_real_future,generated_motion_px
push_cup_right,human_to_robot,1,0.3,0.9738,0.9988,5.9
push_cup_right,human_to_robot,2,0.6,0.9746,0.9527,16.79
push_cup_right,human_to_robot,3,0.9,0.9065,0.9341,29.67
push_cup_right,human_to_robot,4,1.2,0.9926,0.9939,41.14
push_cup_right,robot_to_human,1,0.3,0.985,0.8999,1.42
push_cup_right,robot_to_human,2,0.6,0.9996,0.9939,10.38
push_cup_right,robot_to_human,3,0.9,0.9989,0.993,15.78
push_cup_right,robot_to_human,4,1.2,0.9983,0.985,29.17
banana_lift_up_right,human_to_robot,1,0.3,0.9993,-0.2541,5.13
banana_lift_up_right,human_to_robot,2,0.6,0.9025,0.3838,7.88
banana_lift_up_right,human_to_robot,3,0.9,0.8895,0.9144,11.39
banana_lift_up_right,human_to_robot,4,1.2,0.9858,0.9836,10.35
banana_lift_up_right,robot_to_human,1,0.3,0.55,0.6962,0.25
banana_lift_up_right,robot_to_human,2,0.6,0.1628,0.977,0.8
banana_lift_up_right,robot_to_human,3,0.9,0.9991,0.6616,10.64
banana_lift_up_right,robot_to_human,4,1.2,0.7815,0.7732,17.11
close_drawer_away,human_to_robot,1,0.3,0.9973,0.9206,3.61
close_drawer_away,human_to_robot,2,0.6,0.9981,0.9528,16.11
close_drawer_away,human_to_robot,3,0.9,-0.6092,-0.5873,23.53
close_drawer_away,human_to_robot,4,1.2,-0.5065,-0.5337,26.16
close_drawer_away,robot_to_human,1,0.3,0.9939,0.8332,0.65
close_drawer_away,robot_to_human,2,0.6,0.9982,0.9826,11.7
close_drawer_away,robot_to_human,3,0.9,0.9973,0.9949,27.09
close_drawer_away,robot_to_human,4,1.2,0.9949,0.9976,31.17
down_right,human_to_robot,1,0.3,0.998,0.9489,28.2
down_right,human_to_robot,2,0.6,0.53,0.9455,30.6
down_right,human_to_robot,3,0.9,0.8973,0.9879,36.41
down_right,human_to_robot,4,1.2,0.983,0.9826,34.06
down_right,robot_to_human,1,0.3,0.971,0.8109,22.91
down_right,robot_to_human,2,0.6,0.5682,0.9594,21.56
down_right,robot_to_human,3,0.9,0.3078,0.5764,17.61
down_right,robot_to_human,4,1.2,0.4287,0.7271,13.42
