src_gid,src_frame,src,task,real_fx,real_fy,R_robot,R_human,cos_robot_human,angle_deg,mag_robot,mag_human,score
12007,111,robot_3cam,banana in black bowl (new background),33.5289,-1.7898,0.8505,0.0242,0.9646,-14.5343,20.9841,16.2949,0.0199
12000,52,robot_3cam,banana in black bowl (new background),-11.2054,6.3656,0.9938,0.919,0.9924,-132.5092,10.0613,10.4537,0.9063
10006,10,robot_3cam,push milk to the right,-9.0935,-29.0509,0.7322,0.5857,0.3207,84.4619,22.8008,11.9293,0.1375
10001,8,robot_3cam,push milk to the right,3.1855,-25.4447,0.991,0.7609,0.9369,60.1295,18.7397,18.4115,0.7065
10003,141,robot_3cam,push milk to the right,-1.4171,13.4437,0.9905,0.8915,0.9981,-97.9728,14.0025,15.9695,0.8814
12002,190,robot_3cam,banana in black bowl (new background),-2.1308,-6.0129,0.8646,0.9346,0.9899,-110.2284,18.5784,20.4544,0.8
12000,112,robot_3cam,banana in black bowl (new background),12.1318,17.5064,0.9549,0.8932,0.9897,-58.496,11.1395,8.527,0.8441
12009,127,robot_3cam,banana in black bowl (new background),-5.817,7.6268,0.9954,0.9573,0.9956,-127.3401,6.4495,7.2326,0.9487
12002,115,robot_3cam,banana in black bowl (new background),32.8051,0.1362,0.8661,0.1346,-0.83,11.5016,20.036,16.5145,0.0
10005,125,robot_3cam,push milk to the right,7.1428,1.7716,0.6204,0.1287,0.7918,59.4378,22.4268,19.1769,0.0632
12003,5,robot_3cam,banana in black bowl (new background),7.2182,-13.1494,0.9628,0.94,0.9463,52.5608,11.2944,14.0627,0.8564
10007,127,robot_3cam,push milk to the right,9.3211,-22.9864,0.9624,0.2995,0.9845,46.4465,23.6816,22.8064,0.2838
12005,130,robot_3cam,banana in black bowl (new background),-6.5514,9.4394,0.9933,0.9518,0.9972,-129.5921,6.9834,7.8363,0.9427
12006,37,robot_3cam,banana in black bowl (new background),-23.3905,-11.1422,0.9453,0.4406,0.7815,143.8884,19.6073,10.5453,0.3254
10001,162,robot_3cam,push milk to the right,25.7615,0.6817,0.8573,0.2274,0.8543,-15.1644,14.6405,18.0595,0.1665
10000,113,robot_3cam,push milk to the right,6.7521,2.1659,0.9915,0.9456,0.9974,10.4524,7.3141,9.6389,0.9351
10001,59,robot_3cam,push milk to the right,-15.6144,16.5274,0.9134,0.9423,0.9833,-128.5923,21.2046,19.0968,0.8463
10009,63,robot_3cam,push milk to the right,6.7534,-1.2491,0.9888,0.9762,0.9937,15.0563,4.5089,5.1869,0.9591
10008,10,robot_3cam,push milk to the right,-18.2441,-19.3182,0.9397,0.5076,0.8882,131.631,18.7278,9.1165,0.4236
10000,29,robot_3cam,push milk to the right,-45.5894,0.2065,0.9907,0.6226,0.9805,-168.7882,27.6559,20.7099,0.6048
10000,139,robot_3cam,push milk to the right,9.7814,-1.5378,0.9867,0.9605,1.0,17.3689,9.1283,11.3592,0.9477
12000,119,robot_3cam,banana in black bowl (new background),2.6737,15.176,0.9734,0.9459,0.9896,-100.1492,10.2416,10.5611,0.9111
10005,96,robot_3cam,push milk to the right,14.7143,-3.5312,0.9945,0.797,0.9859,22.2491,13.8927,18.3509,0.7814
10009,142,robot_3cam,push milk to the right,3.4288,11.4472,0.9669,0.6253,0.7882,-57.1079,13.8099,10.8144,0.4765
12006,186,robot_3cam,banana in black bowl (new background),-2.3787,12.6782,0.8689,0.9301,0.9868,-115.7034,18.1955,20.5837,0.7975
10007,103,robot_3cam,push milk to the right,17.0505,-3.8749,0.9952,0.8127,0.9949,31.5102,13.5714,17.0615,0.8047
12009,114,robot_3cam,banana in black bowl (new background),12.1463,13.9353,0.9237,0.8868,0.987,-48.2558,7.8377,4.4088,0.8084
12006,132,robot_3cam,banana in black bowl (new background),-2.8065,5.4344,0.9856,0.9381,0.9945,-117.2296,7.291,7.1804,0.9196
12004,77,robot_3cam,banana in black bowl (new background),10.6907,-13.8378,0.9813,0.9476,0.9613,54.2627,12.7708,14.8814,0.894
12007,27,robot_3cam,banana in black bowl (new background),0.9206,-24.7808,0.979,0.6855,0.8092,72.1486,15.7852,14.3574,0.5431
12006,102,robot_3cam,banana in black bowl (new background),-9.2846,-17.5811,0.8398,0.5779,-0.9053,-28.0878,23.5217,15.5013,0.0
10007,49,robot_3cam,push milk to the right,-11.6609,8.9486,0.9838,0.9373,0.9996,-137.3256,16.4547,15.457,0.9218
10008,96,robot_3cam,push milk to the right,9.7168,-10.0509,0.9906,0.9492,0.9975,52.2091,12.6913,14.4237,0.9379
12004,170,robot_3cam,banana in black bowl (new background),-7.108,15.2924,0.9971,0.94,0.9924,-116.2551,17.6408,19.0311,0.9302
10001,175,robot_3cam,push milk to the right,-5.3466,1.731,0.871,0.335,0.8003,-67.8412,19.3328,11.3783,0.2335
12003,101,robot_3cam,banana in black bowl (new background),-4.6502,-3.9414,0.9483,0.9125,0.9926,-84.7389,17.2539,17.3368,0.8589
10005,52,robot_3cam,push milk to the right,-19.8872,1.721,0.9892,0.9134,0.9867,-158.4928,18.5402,15.6451,0.8915
12004,115,robot_3cam,banana in black bowl (new background),12.0006,14.491,0.956,0.8886,0.9825,-65.9898,11.7411,9.4417,0.8346
10006,132,robot_3cam,push milk to the right,14.8389,-1.5149,0.8262,0.237,0.7063,3.0775,16.0527,18.5909,0.1383
10005,38,robot_3cam,push milk to the right,-32.11,20.3482,0.9337,0.7044,0.8774,-142.6107,19.7082,21.5621,0.5771
12004,120,robot_3cam,banana in black bowl (new background),11.8384,10.4118,0.9641,0.9441,0.9995,-75.9408,9.6444,8.4985,0.9098
10000,21,robot_3cam,push milk to the right,-1.7364,15.8784,0.9738,0.741,0.8735,-179.3707,26.6259,16.1654,0.6303
10007,124,robot_3cam,push milk to the right,5.7916,-14.0225,0.9488,0.5511,0.9956,49.1761,16.3725,20.2771,0.5206
10008,152,robot_3cam,push milk to the right,5.0134,1.4384,0.9889,0.9744,0.9525,6.5054,2.4632,2.6899,0.9178
10006,39,robot_3cam,push milk to the right,-25.7962,10.8383,0.967,0.8564,0.9636,-132.6609,19.8604,20.0353,0.798
12005,155,robot_3cam,banana in black bowl (new background),14.1232,12.2286,0.9424,0.7241,-0.0925,-12.6097,8.0357,10.3784,0.0
10001,15,robot_3cam,push milk to the right,-4.9676,-34.9463,0.8577,0.7312,0.5907,79.6921,21.5959,11.279,0.3704
12003,61,robot_3cam,banana in black bowl (new background),-3.2025,3.4418,0.9948,0.988,0.9812,-131.8937,1.7118,1.7818,0.9644
12001,33,robot_3cam,banana in black bowl (new background),0.7976,15.0101,0.8123,0.6799,0.9,-152.7273,17.0256,20.4514,0.4971
12007,137,robot_3cam,banana in black bowl (new background),0.1174,-6.6725,0.9599,0.9443,0.9114,50.0122,5.9983,8.7286,0.8261
12004,47,robot_3cam,banana in black bowl (new background),-24.5535,9.7997,0.8944,0.9381,0.9996,-139.654,17.2816,16.2411,0.8387
12005,13,robot_3cam,banana in black bowl (new background),0.7417,-11.2461,0.941,0.7632,0.9276,59.3111,15.3879,17.0566,0.6662
12001,81,robot_3cam,banana in black bowl (new background),12.0118,-7.3245,0.9924,0.9455,0.9374,53.4892,10.7166,12.0198,0.8796
12009,38,robot_3cam,banana in black bowl (new background),-26.4423,10.5053,0.9808,0.8018,0.9866,-164.1525,20.5015,18.9928,0.7759
12002,122,robot_3cam,banana in black bowl (new background),4.3487,28.8884,0.9321,0.8605,0.9952,-87.7214,13.6738,9.3854,0.7983
12007,54,robot_3cam,banana in black bowl (new background),-20.2993,-4.3293,0.9738,0.9226,0.9977,-144.5261,18.2471,15.6612,0.8964
12008,116,robot_3cam,banana in black bowl (new background),-2.0625,10.5026,0.9689,0.9327,0.9833,-111.4418,7.7102,7.256,0.8887
12007,38,robot_3cam,banana in black bowl (new background),-19.0468,-4.5571,0.9935,0.7531,0.9608,-163.323,22.4851,15.2476,0.7189
10000,78,robot_3cam,push milk to the right,4.0983,7.2796,0.962,0.9475,0.9896,-91.6566,6.6142,6.1233,0.902
12002,26,robot_3cam,banana in black bowl (new background),5.9908,1.4652,0.9264,0.563,0.8279,108.888,15.345,10.3674,0.4318
12000,116,robot_3cam,banana in black bowl (new background),4.2235,15.1331,0.9713,0.957,0.9911,-95.4306,9.0561,9.0394,0.9212
12005,164,robot_3cam,banana in black bowl (new background),2.3725,-3.2969,0.9109,0.636,0.981,-90.4146,18.886,16.1334,0.5682
10008,87,robot_3cam,push milk to the right,4.2836,-7.2075,0.9923,0.975,0.9949,38.3198,7.1799,7.578,0.9625
10009,136,robot_3cam,push milk to the right,5.9009,8.6868,0.9391,0.7507,0.4234,-27.5955,16.5695,9.3273,0.2985
10003,88,robot_3cam,push milk to the right,18.552,0.5315,0.9937,0.7895,0.9844,18.9375,14.1593,18.542,0.7723
12008,107,robot_3cam,banana in black bowl (new background),8.2722,10.9468,0.9038,0.8248,0.9943,-46.4583,5.7151,2.9155,0.7412
10006,147,robot_3cam,push milk to the right,4.7047,18.0211,0.9774,0.5202,0.8735,-67.9408,14.0527,12.6925,0.4441
12002,197,robot_3cam,banana in black bowl (new background),-6.3014,14.6679,0.9949,0.9427,1.0,-122.4036,10.8655,13.6242,0.9379
10000,97,robot_3cam,push milk to the right,5.8857,-1.4835,0.9924,0.9808,0.9965,25.2748,6.5997,7.0552,0.9699
10008,98,robot_3cam,push milk to the right,9.7581,-9.6795,0.99,0.9531,0.9985,49.4189,12.3365,14.2243,0.9423
10008,104,robot_3cam,push milk to the right,7.381,-6.2116,0.989,0.952,0.9922,52.8839,8.0033,8.5436,0.9343
10004,125,robot_3cam,push milk to the right,0.7095,-4.5516,0.9445,0.9795,0.8775,75.6821,4.038,3.4886,0.8119
10001,80,robot_3cam,push milk to the right,8.336,9.0952,0.9546,0.9397,0.8851,-46.2181,10.1237,8.7962,0.7939
10005,113,robot_3cam,push milk to the right,13.5038,-0.0771,0.9886,0.9399,0.9881,4.4822,9.8533,13.0699,0.9181
12008,159,robot_3cam,banana in black bowl (new background),-2.9417,-6.8006,0.9325,0.5391,0.9967,-94.0013,18.0508,16.3656,0.501
10003,24,robot_3cam,push milk to the right,-13.5264,-1.6173,0.994,0.6939,0.9847,-169.027,27.1782,19.7826,0.6792
10002,136,robot_3cam,push milk to the right,5.8253,0.6222,0.9928,0.9798,0.9953,14.943,2.7901,3.4681,0.9682
12009,160,robot_3cam,banana in black bowl (new background),-1.6159,24.4587,0.9345,0.3973,0.4348,-74.4042,14.1187,13.1518,0.1614
12003,167,robot_3cam,banana in black bowl (new background),-2.7658,6.0177,0.865,0.7096,0.9791,-110.4805,19.7871,23.7679,0.601
10002,161,robot_3cam,push milk to the right,13.848,-0.4129,0.9327,0.2552,0.9889,-0.2004,12.08,17.0791,0.2354
10001,184,robot_3cam,push milk to the right,-0.0464,26.2725,0.99,0.9236,0.998,-95.6819,16.4233,17.5703,0.9125
12006,182,robot_3cam,banana in black bowl (new background),4.0125,-5.9906,0.9973,0.9316,0.9914,-110.6748,17.609,19.3896,0.9211
10007,26,robot_3cam,push milk to the right,-25.3449,-24.9488,0.781,0.0797,0.4931,147.4665,23.0025,7.0772,0.0307
12000,177,robot_3cam,banana in black bowl (new background),-4.358,6.7621,0.9932,0.8777,0.9871,-104.1806,10.5987,11.6686,0.8605
10007,132,robot_3cam,push milk to the right,-4.0032,-3.1441,0.8377,0.3663,-0.9998,22.5685,21.2474,15.682,0.0
10007,122,robot_3cam,push milk to the right,10.3568,-8.6597,0.9972,0.9406,0.9927,41.2765,11.652,15.2701,0.9311
10004,78,robot_3cam,push milk to the right,9.1885,-3.046,0.987,0.9703,0.9967,23.0704,7.986,9.303,0.9545
10006,38,robot_3cam,push milk to the right,-24.1659,16.4923,0.9441,0.8154,0.958,-135.2973,20.9767,21.6045,0.7374
12007,138,robot_3cam,banana in black bowl (new background),1.032,-7.0572,0.9682,0.9471,0.9303,48.3758,5.9477,8.5234,0.853
10002,172,robot_3cam,push milk to the right,9.0775,31.687,0.931,0.5666,0.6267,-43.6014,17.4967,8.1303,0.3306
12009,49,robot_3cam,banana in black bowl (new background),-16.0625,8.6905,0.9869,0.9346,0.9994,-140.0074,14.8779,14.2549,0.9218
10008,106,robot_3cam,push milk to the right,7.6034,-6.2234,0.9893,0.9515,0.9935,53.4411,7.6176,8.1597,0.9352
12003,79,robot_3cam,banana in black bowl (new background),3.2203,19.7248,0.7003,0.5102,-0.7717,45.8468,19.7717,20.6551,0.0
10002,173,robot_3cam,push milk to the right,8.1731,29.5242,0.9323,0.607,0.6797,-44.4173,17.8756,7.9192,0.3847
12003,11,robot_3cam,banana in black bowl (new background),-5.3371,-4.7173,0.9863,0.7181,0.83,67.6706,15.9541,15.7446,0.5879
12006,140,robot_3cam,banana in black bowl (new background),-5.2454,-4.505,0.8979,0.9516,0.9443,170.3508,1.7092,1.5395,0.8068
10003,108,robot_3cam,push milk to the right,12.1056,1.6915,0.989,0.9166,0.9648,-0.4234,9.1129,12.5018,0.8747
12000,10,robot_3cam,banana in black bowl (new background),0.9875,-5.1446,0.9481,0.7939,0.9563,54.3741,15.8004,18.3847,0.7198
10006,7,robot_3cam,push milk to the right,-3.257,-31.1018,0.8593,0.5462,0.8736,72.1831,23.5474,15.7837,0.41
10001,143,robot_3cam,push milk to the right,-0.9519,-15.4954,0.9769,0.8459,0.7531,82.4998,13.9174,12.7295,0.6224
10002,97,robot_3cam,push milk to the right,14.8338,-2.6145,0.9928,0.9513,0.999,20.5738,12.3793,15.4227,0.9436
10005,14,robot_3cam,push milk to the right,-0.186,-4.6604,0.9108,0.5458,0.1685,102.6344,21.6523,7.6532,0.0838
10009,121,robot_3cam,push milk to the right,14.2472,-6.7186,0.9035,0.2311,0.9665,20.9029,15.0782,20.1937,0.2018
12002,18,robot_3cam,banana in black bowl (new background),8.3937,-1.6177,0.8448,0.3629,0.9875,57.8474,18.188,20.1728,0.3027
12003,62,robot_3cam,banana in black bowl (new background),-4.2961,2.7196,0.9952,0.9897,0.9839,-133.9655,1.4492,1.5566,0.9691
12007,166,robot_3cam,banana in black bowl (new background),-1.6317,-5.6644,0.998,0.9508,0.9984,-117.0588,14.7385,17.7873,0.9473
10002,106,robot_3cam,push milk to the right,13.7585,0.5297,0.9895,0.9304,0.9948,13.5634,12.0246,16.2283,0.9158
12005,49,robot_3cam,banana in black bowl (new background),-9.0808,2.4164,0.9856,0.9459,0.9914,-120.4953,7.8212,6.9412,0.9242
10005,40,robot_3cam,push milk to the right,-29.3389,20.2929,0.9356,0.7396,0.9638,-140.3186,22.3135,21.5357,0.6669
10004,140,robot_3cam,push milk to the right,-8.596,-10.1734,0.6606,0.3015,-0.9216,-11.0074,20.5866,14.1471,0.0
10004,39,robot_3cam,push milk to the right,-21.6432,20.3668,0.9383,0.8323,0.9607,-133.7536,20.0589,20.4709,0.7503
10002,27,robot_3cam,push milk to the right,-18.4483,-7.3881,0.9871,0.6992,0.9053,178.3663,24.5644,14.3678,0.6247
12005,54,robot_3cam,banana in black bowl (new background),-9.4783,3.265,0.9923,0.9371,0.9925,-130.5324,8.0345,8.0152,0.9229
12007,97,robot_3cam,banana in black bowl (new background),24.3321,5.9223,0.8008,0.4908,-0.9124,50.0535,19.7798,17.0885,0.0
12005,144,robot_3cam,banana in black bowl (new background),8.6503,-3.5439,0.8716,0.4081,0.954,64.8723,21.3043,19.3417,0.3394
10001,107,robot_3cam,push milk to the right,7.6575,1.4418,0.9907,0.9596,0.9998,28.757,10.1701,12.6949,0.9505
10009,44,robot_3cam,push milk to the right,-20.5391,0.3809,0.9805,0.921,0.996,-148.8018,17.4181,14.723,0.8994
10009,61,robot_3cam,push milk to the right,3.8845,-1.2744,0.8596,0.9794,0.7393,4.9018,1.6432,1.5415,0.6224
10009,117,robot_3cam,push milk to the right,11.2167,-19.3997,0.8613,0.354,0.9974,56.8528,21.8094,20.1904,0.3041
12006,120,robot_3cam,banana in black bowl (new background),19.3119,2.0793,0.9575,0.9478,0.9709,-3.0133,9.8279,11.8205,0.8811
12004,183,robot_3cam,banana in black bowl (new background),-3.5382,8.2251,0.9948,0.9422,0.9959,-109.8765,6.5157,7.8766,0.9334
12002,79,robot_3cam,banana in black bowl (new background),-6.3988,6.6484,0.9938,0.9225,0.989,-141.0998,5.2944,6.6353,0.9068
10001,106,robot_3cam,push milk to the right,9.7073,0.763,0.9918,0.9608,0.9993,27.2686,11.1982,14.2278,0.9522
10004,95,robot_3cam,push milk to the right,14.7036,-1.0226,0.9905,0.9422,0.9987,19.7188,11.4207,15.0974,0.9321
10000,174,robot_3cam,push milk to the right,8.1476,-18.8412,0.9841,0.4639,0.9689,71.1208,20.6732,18.4495,0.4424
12008,29,robot_3cam,banana in black bowl (new background),-27.8932,-14.431,0.9805,0.8581,0.9932,178.9535,21.0505,13.657,0.8357
10000,186,robot_3cam,push milk to the right,25.718,12.6501,0.9066,0.1265,0.8856,-7.4941,22.0375,17.6757,0.1016
12008,12,robot_3cam,banana in black bowl (new background),-8.1711,-7.3658,0.9399,0.7244,0.5955,130.7762,12.4426,6.7244,0.4055
12001,161,robot_3cam,banana in black bowl (new background),-5.5694,-11.4849,0.3308,0.3798,-0.5826,-129.4187,9.6337,12.6091,0.0
12007,143,robot_3cam,banana in black bowl (new background),-7.0611,-3.7692,0.8426,0.3056,0.991,52.9399,13.4795,17.3635,0.2552
10002,6,robot_3cam,push milk to the right,0.7142,-14.6004,0.9367,0.8677,0.873,75.2841,10.4844,11.2683,0.7096
10002,71,robot_3cam,push milk to the right,3.1441,2.9055,0.9394,0.9743,0.88,-107.7495,2.6914,1.8446,0.8054
10002,19,robot_3cam,push milk to the right,-15.2443,-24.665,0.944,0.3828,0.9988,137.0106,22.6274,6.5602,0.3609
10005,101,robot_3cam,push milk to the right,11.7682,1.3242,0.9969,0.9587,0.9937,2.0251,7.114,8.6203,0.9497
12000,53,robot_3cam,banana in black bowl (new background),-10.3302,5.667,0.9927,0.9313,0.9946,-132.8461,8.6602,8.9696,0.9195
12009,123,robot_3cam,banana in black bowl (new background),-6.2164,15.1389,0.9914,0.9312,0.9895,-120.7197,10.7937,11.1471,0.9135
12002,196,robot_3cam,banana in black bowl (new background),-5.2718,11.2697,0.9951,0.9419,0.9998,-120.5319,11.2921,14.0858,0.9371
12005,26,robot_3cam,banana in black bowl (new background),-14.4788,-0.9219,0.9915,0.6528,0.9989,-177.9473,24.5798,15.0637,0.6465
10000,177,robot_3cam,push milk to the right,17.0731,-20.5336,0.888,0.3204,0.9997,50.5416,21.8423,21.177,0.2844
10008,16,robot_3cam,push milk to the right,-32.2122,0.6095,0.9939,0.6945,0.9323,-167.006,25.7982,20.7091,0.6435
10009,57,robot_3cam,push milk to the right,-3.3125,3.6677,0.9879,0.9554,0.9898,-128.2741,6.6628,6.2332,0.9342
10008,85,robot_3cam,push milk to the right,2.5917,-3.1723,0.9868,0.9817,0.9959,36.3514,3.106,2.8265,0.9648
10006,74,robot_3cam,push milk to the right,3.6372,1.9734,0.9076,0.9495,0.7807,-29.4411,3.2677,2.1007,0.6728
10009,139,robot_3cam,push milk to the right,5.3586,11.082,0.9223,0.6577,0.6021,-43.1644,16.149,9.7811,0.3652
12003,135,robot_3cam,banana in black bowl (new background),-0.3321,-9.9548,0.4694,0.3048,-0.9779,29.5024,15.1659,15.951,0.0
12009,50,robot_3cam,banana in black bowl (new background),-18.4132,10.1261,0.9877,0.9402,0.9979,-137.9243,16.0037,15.1403,0.9267
10003,90,robot_3cam,push milk to the right,20.8314,-0.3437,0.9936,0.7802,0.9842,20.729,14.4544,19.3053,0.763
12002,74,robot_3cam,banana in black bowl (new background),-7.6843,7.0399,0.9959,0.9575,0.9956,-128.2095,6.1851,7.3157,0.9494
12001,194,robot_3cam,banana in black bowl (new background),-3.3549,13.1525,0.998,0.9475,0.9994,-114.5164,15.1039,18.3724,0.945
12004,63,robot_3cam,banana in black bowl (new background),-8.6393,6.5033,0.991,0.9206,0.9948,-131.5525,10.7557,9.8929,0.9076
10001,38,robot_3cam,push milk to the right,-42.8663,5.0028,0.9851,0.8181,0.9753,-166.3443,24.4958,18.5617,0.786
10005,135,robot_3cam,push milk to the right,-4.9508,-6.2853,0.5255,0.4032,-0.9929,-31.0691,16.5553,13.1343,0.0
10005,125,robot_3cam,push milk to the right,7.1428,1.7716,0.6204,0.1287,0.7918,59.4378,22.4268,19.1769,0.0632
10005,103,robot_3cam,push milk to the right,11.9087,2.2511,0.9918,0.9558,0.9821,-7.1109,7.2597,8.8541,0.9311
12000,174,robot_3cam,banana in black bowl (new background),-6.0596,0.0115,0.9931,0.8596,0.993,-102.5506,11.7052,11.9149,0.8476
12009,130,robot_3cam,banana in black bowl (new background),-4.0727,2.2491,0.992,0.9741,0.9899,-136.8844,2.9407,3.2845,0.9565
12002,179,robot_3cam,banana in black bowl (new background),8.3539,-2.7738,0.7996,0.363,0.9354,-80.0052,17.8564,13.5841,0.2715
12009,46,robot_3cam,banana in black bowl (new background),-27.4509,8.9342,0.8976,0.9449,0.9992,-135.8666,17.0562,17.2702,0.8475
12001,31,robot_3cam,banana in black bowl (new background),7.3484,9.8454,0.9841,0.7784,0.9943,-164.7987,21.2964,19.5163,0.7616
10002,126,robot_3cam,push milk to the right,17.2634,2.0063,0.9749,0.9159,0.9483,-3.8321,10.6976,13.9175,0.8468
10000,147,robot_3cam,push milk to the right,9.3879,0.379,0.9932,0.9751,0.9917,13.2984,4.1057,4.4643,0.9604
12006,35,robot_3cam,banana in black bowl (new background),-23.212,-4.9391,0.8648,0.4912,0.3667,108.273,18.7633,11.3231,0.1558
12003,71,robot_3cam,banana in black bowl (new background),9.6913,-20.6792,0.9879,0.817,0.9872,66.2004,21.0245,20.9119,0.7968
12001,111,robot_3cam,banana in black bowl (new background),21.6192,29.0416,0.9063,0.7083,0.8281,-42.2703,18.6775,12.993,0.5316
12004,112,robot_3cam,banana in black bowl (new background),12.4961,19.8082,0.9687,0.9009,0.9992,-81.5758,15.2753,15.6959,0.872
12004,41,robot_3cam,banana in black bowl (new background),-27.4451,15.4939,0.9678,0.9075,0.9623,-148.4086,19.8134,18.1221,0.8451
12005,95,robot_3cam,banana in black bowl (new background),13.3892,0.9014,0.5046,0.5486,-0.9433,109.1758,13.6527,20.5075,0.0
12005,95,robot_3cam,banana in black bowl (new background),13.3892,0.9014,0.5046,0.5486,-0.9433,109.1758,13.6527,20.5075,0.0
10006,17,robot_3cam,push milk to the right,-23.6825,-19.7818,0.7388,0.1644,1.0,139.3209,21.3914,6.6729,0.1214
12000,178,robot_3cam,banana in black bowl (new background),-4.3632,6.3584,0.9928,0.8875,0.9865,-106.6545,9.4479,10.6699,0.8693
10000,119,robot_3cam,push milk to the right,9.9034,0.2292,0.9897,0.9488,0.9969,13.5876,9.2711,12.0284,0.936
10008,6,robot_3cam,push milk to the right,-9.4408,-25.4262,0.9127,0.7394,0.7776,81.1594,21.1251,13.4796,0.5247
12004,186,robot_3cam,banana in black bowl (new background),-2.5636,9.1123,0.9942,0.944,0.9975,-111.7498,8.1671,10.0092,0.9362
12000,109,robot_3cam,banana in black bowl (new background),17.2062,15.3735,0.9481,0.8716,0.8143,-23.1374,12.178,9.5832,0.6728
12009,58,robot_3cam,banana in black bowl (new background),-7.5917,8.0543,0.995,0.9205,0.9913,-130.8544,10.9721,11.0614,0.9079
12005,37,robot_3cam,banana in black bowl (new background),-24.3894,5.2558,0.9271,0.8821,0.9735,-161.25,20.2901,16.3765,0.7961
10007,101,robot_3cam,push milk to the right,17.0699,-5.6145,0.9956,0.7812,0.9951,31.3064,14.3476,18.7713,0.774
12001,42,robot_3cam,banana in black bowl (new background),-24.877,13.8385,0.9198,0.8328,0.9852,-129.9869,21.1612,20.5667,0.7547
12003,102,robot_3cam,banana in black bowl (new background),-3.2962,-10.3019,0.9508,0.9246,0.9901,-85.4974,17.5531,17.5093,0.8705
12008,104,robot_3cam,banana in black bowl (new background),17.1916,6.3342,0.9713,0.9498,0.9401,-14.381,8.6464,9.2172,0.8674
12007,165,robot_3cam,banana in black bowl (new background),-3.9568,12.1477,0.9955,0.9434,0.9998,-118.2251,11.9472,14.7302,0.9389
10001,18,robot_3cam,push milk to the right,-13.5373,-29.0233,0.8786,0.6399,0.2855,89.2713,21.2602,10.0767,0.1605
12000,93,robot_3cam,banana in black bowl (new background),-8.5829,-1.2874,0.7717,0.5025,-0.8982,-24.3353,24.1067,13.3526,0.0
12001,146,robot_3cam,banana in black bowl (new background),6.6502,-6.2884,0.9779,0.9701,0.9672,40.7012,4.7119,5.9706,0.9175
10006,30,robot_3cam,push milk to the right,-10.4811,10.468,0.8954,0.7096,0.8938,-143.3225,17.1334,20.1608,0.5679
12003,70,robot_3cam,banana in black bowl (new background),8.2772,-16.2138,0.9604,0.9547,0.9591,61.3778,15.0978,15.498,0.8795
12008,15,robot_3cam,banana in black bowl (new background),0.5471,5.7973,0.9861,0.8939,0.9846,-166.691,15.2859,9.1645,0.8679
12004,140,robot_3cam,banana in black bowl (new background),1.2688,-5.9491,0.9321,0.9471,0.8397,68.6724,5.1377,5.8751,0.7413
10005,17,robot_3cam,push milk to the right,-0.9435,8.7401,0.9547,0.2783,0.9972,149.9019,24.6958,8.5451,0.265
10006,61,robot_3cam,push milk to the right,-0.1256,4.2859,0.9581,0.9703,0.9443,-106.417,3.3555,2.8851,0.878
12009,151,robot_3cam,banana in black bowl (new background),-10.234,0.3669,0.542,0.259,0.4939,19.3582,13.4607,18.3102,0.0693
10004,77,robot_3cam,push milk to the right,8.1528,-3.2082,0.9894,0.9702,0.9916,24.0782,7.6526,8.8687,0.9518
12001,178,robot_3cam,banana in black bowl (new background),5.1516,-5.324,0.7327,0.6397,0.9073,-98.2868,21.2187,17.4903,0.4253
10002,143,robot_3cam,push milk to the right,-7.4088,-12.0172,0.9395,0.8345,0.7721,95.3615,10.2672,8.5431,0.6054
12008,156,robot_3cam,banana in black bowl (new background),4.5643,0.2123,0.8687,0.4945,0.9999,-90.5812,18.348,15.6664,0.4295
10005,23,robot_3cam,push milk to the right,-6.4886,-11.285,0.9905,0.7301,0.9602,-175.7167,26.0366,16.133,0.6944
12001,18,robot_3cam,banana in black bowl (new background),-6.0725,1.2563,0.8829,0.4495,0.3698,121.8158,20.4956,10.0421,0.1468
10002,17,robot_3cam,push milk to the right,-12.2523,-24.1847,0.9378,0.5306,0.3862,100.5466,22.5978,7.6616,0.1922
10004,137,robot_3cam,push milk to the right,11.5516,-0.1527,0.7194,0.1638,-0.8281,42.0978,22.5246,16.6513,0.0
12003,111,robot_3cam,banana in black bowl (new background),-2.1452,5.2025,0.9951,0.9581,0.9976,-122.5521,7.0243,7.5753,0.9511
12009,88,robot_3cam,banana in black bowl (new background),16.7127,-19.7297,0.8927,0.0802,0.9681,52.1665,28.0544,19.1622,0.0693
10000,37,robot_3cam,push milk to the right,-28.5608,19.0339,0.9571,0.7599,0.9608,-139.1438,23.6273,20.3447,0.6988
10005,104,robot_3cam,push milk to the right,12.2091,2.674,0.9928,0.9568,0.9798,-7.38,7.3773,9.0777,0.9307
10007,50,robot_3cam,push milk to the right,-14.406,7.6161,0.9934,0.9468,1.0,-132.9139,15.8228,15.3457,0.9405
10002,133,robot_3cam,push milk to the right,10.5755,2.6821,0.9958,0.9581,0.9879,1.8983,6.3941,7.9063,0.9426
10000,97,robot_3cam,push milk to the right,5.8857,-1.4835,0.9924,0.9808,0.9965,25.2748,6.5997,7.0552,0.9699
12004,99,robot_3cam,banana in black bowl (new background),35.0333,-3.3182,0.4001,0.5621,-0.9943,-153.7087,14.0538,17.4795,0.0
12003,137,robot_3cam,banana in black bowl (new background),-1.7674,-4.4331,0.4254,0.3449,-0.9509,-91.0598,11.1614,15.0436,0.0
10004,19,robot_3cam,push milk to the right,-22.3367,-11.3444,0.6789,0.2783,0.8403,133.7541,23.5837,5.408,0.1588
10001,110,robot_3cam,push milk to the right,7.2589,2.0827,0.9874,0.9635,0.9992,23.1148,9.3961,11.5679,0.9506
10005,34,robot_3cam,push milk to the right,-25.329,13.4126,0.9725,0.7507,0.92,-146.5271,22.7125,20.4466,0.6716
12009,87,robot_3cam,banana in black bowl (new background),16.6966,-26.4046,0.9811,0.3663,0.9916,59.4992,27.3182,23.1829,0.3564
12000,179,robot_3cam,banana in black bowl (new background),-4.3465,5.4694,0.9952,0.896,0.991,-111.4196,9.3736,10.7251,0.8837
12000,37,robot_3cam,banana in black bowl (new background),-20.0494,18.5668,0.9296,0.7559,0.9592,-142.9127,20.1697,20.3549,0.6741
10000,165,robot_3cam,push milk to the right,-6.0602,-8.0705,0.9218,0.8816,0.6407,93.2663,7.7005,7.3004,0.5206
12002,102,robot_3cam,banana in black bowl (new background),30.9254,-4.4004,0.6061,0.7826,-0.8724,110.8281,17.3543,23.0884,0.0
10008,118,robot_3cam,push milk to the right,11.7447,-6.2175,0.9888,0.9592,1.0,36.417,11.2036,13.7776,0.9485
12005,117,robot_3cam,banana in black bowl (new background),0.5955,29.3038,0.8755,0.8932,0.9887,-91.2983,16.8335,14.3033,0.7732
10009,131,robot_3cam,push milk to the right,16.9585,16.3244,0.9105,0.4156,0.3334,-29.7369,15.9541,11.3934,0.1262
12000,152,robot_3cam,banana in black bowl (new background),-1.1324,-9.5852,0.9847,0.6027,0.9914,60.7374,16.3259,17.6697,0.5884
12000,62,robot_3cam,banana in black bowl (new background),-4.2363,1.9271,0.9947,0.9691,0.99,-134.2469,4.3464,4.2469,0.9543
12003,171,robot_3cam,banana in black bowl (new background),-8.2823,19.3146,0.9982,0.9362,0.9961,-112.2545,15.2764,18.4164,0.9309
10007,116,robot_3cam,push milk to the right,13.1492,0.7407,0.9874,0.9454,0.9978,12.4457,9.7603,13.5101,0.9314
10002,92,robot_3cam,push milk to the right,11.6793,0.1281,0.9871,0.9621,0.9998,16.2077,9.7069,12.4192,0.9496
10000,180,robot_3cam,push milk to the right,17.677,-20.2127,0.851,0.1862,0.9309,30.7701,23.0932,19.0003,0.1475
12009,19,robot_3cam,banana in black bowl (new background),-11.2077,-16.3531,0.9547,0.8466,0.9955,164.9263,17.6198,11.439,0.8046
10006,117,robot_3cam,push milk to the right,11.3718,-9.9986,0.9914,0.9506,0.9682,46.2337,10.5818,12.9184,0.9124
12003,59,robot_3cam,banana in black bowl (new background),-5.5866,5.7058,0.998,0.9733,0.9879,-126.8146,4.7256,5.1468,0.9597
12002,166,robot_3cam,banana in black bowl (new background),-14.219,-3.5523,0.3551,0.3368,-0.9873,-106.4818,10.319,14.3931,0.0
12004,46,robot_3cam,banana in black bowl (new background),-26.7137,9.2745,0.8731,0.9355,0.995,-142.8732,17.5665,16.5898,0.8127
10008,73,robot_3cam,push milk to the right,5.1637,12.9693,0.9963,0.9609,0.9961,-105.15,20.1294,20.0082,0.9536
12003,75,robot_3cam,banana in black bowl (new background),26.602,10.4821,0.6489,0.2014,-0.9784,26.7028,18.5926,19.3055,0.0
10008,106,robot_3cam,push milk to the right,7.6034,-6.2234,0.9893,0.9515,0.9935,53.4411,7.6176,8.1597,0.9352
12001,26,robot_3cam,banana in black bowl (new background),-6.7692,-2.0143,0.976,0.6142,0.9369,179.9487,24.3683,15.2273,0.5616
10003,5,robot_3cam,push milk to the right,3.2236,-10.4234,0.9392,0.9059,0.8535,66.811,9.8247,11.4919,0.7262
10008,144,robot_3cam,push milk to the right,12.9338,-0.4726,0.987,0.9591,0.9985,12.5605,9.4914,12.239,0.9452
10005,131,robot_3cam,push milk to the right,8.2799,-18.1857,0.4371,0.3504,-0.9999,-31.7349,15.9821,13.3966,0.0
10003,28,robot_3cam,push milk to the right,-31.3727,-2.9271,0.9889,0.6596,0.966,-157.6287,25.7827,20.935,0.6301
10007,105,robot_3cam,push milk to the right,17.3642,-2.5171,0.9958,0.7751,0.9841,23.1464,14.1012,18.9404,0.7595
10005,126,robot_3cam,push milk to the right,-2.4305,-3.8664,0.4911,0.098,-0.8438,23.9199,20.3579,17.3542,0.0
10000,201,robot_3cam,push milk to the right,13.5955,11.1826,0.9315,0.4927,0.9656,-62.1637,18.0955,8.7509,0.4432
10000,173,robot_3cam,push milk to the right,1.3349,-20.2817,0.9773,0.5832,0.9072,72.7358,19.8968,17.9484,0.5171
10006,145,robot_3cam,push milk to the right,5.7655,22.9188,0.9519,0.4727,0.716,-59.4359,15.3401,12.6057,0.3222
12003,168,robot_3cam,banana in black bowl (new background),3.9781,9.1527,0.8512,0.7069,0.9462,-110.5537,20.365,24.9519,0.5694
10008,99,robot_3cam,push milk to the right,9.4407,-9.2726,0.9866,0.9534,0.9933,47.2166,11.1781,12.8651,0.9344
12000,138,robot_3cam,banana in black bowl (new background),-6.4399,0.5703,0.9771,0.9724,0.9976,-144.4248,2.2682,2.4732,0.9478
10003,84,robot_3cam,push milk to the right,17.8488,0.8478,0.9949,0.9146,0.9836,18.2298,13.6841,17.7008,0.895
10004,137,robot_3cam,push milk to the right,11.5516,-0.1527,0.7194,0.1638,-0.8281,42.0978,22.5246,16.6513,0.0
10002,131,robot_3cam,push milk to the right,12.6283,3.7183,0.9911,0.9533,0.9873,-2.8297,7.2337,8.9425,0.9328
12008,53,robot_3cam,banana in black bowl (new background),-11.8369,6.3565,0.9943,0.9281,0.9989,-135.225,11.2383,11.893,0.9218
10005,118,robot_3cam,push milk to the right,6.5349,-9.2134,0.9902,0.9421,0.9522,47.1145,9.9946,11.9748,0.8883
12001,113,robot_3cam,banana in black bowl (new background),14.2619,35.5022,0.8798,0.8244,0.9998,-72.0104,20.3056,16.6073,0.7251
12007,20,robot_3cam,banana in black bowl (new background),-4.1202,-3.364,0.9449,0.9405,0.9987,170.2512,2.4694,1.4641,0.8875
10005,62,robot_3cam,push milk to the right,-2.1067,4.6054,0.9926,0.9254,0.9971,-127.6951,9.4416,9.5342,0.9159
12008,17,robot_3cam,banana in black bowl (new background),-6.4256,6.6063,0.991,0.7256,0.9694,-164.7274,20.4029,11.7355,0.697
10009,70,robot_3cam,push milk to the right,10.6204,-2.8338,0.9848,0.9519,0.9942,20.9544,10.7958,13.785,0.932
12002,91,robot_3cam,banana in black bowl (new background),13.998,-6.7541,0.9942,0.9515,0.9662,47.2546,10.3559,12.6257,0.914
10006,88,robot_3cam,push milk to the right,15.2896,-1.2468,0.9925,0.9368,0.9954,21.4012,12.8935,16.1709,0.9255
12009,25,robot_3cam,banana in black bowl (new background),-37.8236,-0.7579,0.9332,0.231,0.8549,150.5649,21.433,8.8294,0.1843
10005,143,robot_3cam,push milk to the right,-2.6289,12.3851,0.8719,0.493,0.2622,-37.9565,16.7508,8.7654,0.1127
10005,106,robot_3cam,push milk to the right,14.6546,1.7661,0.9898,0.9482,0.9681,-6.9274,9.3469,11.5976,0.9087
10007,122,robot_3cam,push milk to the right,10.3568,-8.6597,0.9972,0.9406,0.9927,41.2765,11.652,15.2701,0.9311
12001,175,robot_3cam,banana in black bowl (new background),7.0292,0.1035,0.6555,0.6757,0.8044,-89.222,20.2427,15.1271,0.3563
12002,123,robot_3cam,banana in black bowl (new background),2.778,27.5724,0.9486,0.8422,0.9879,-87.1268,13.6838,8.6474,0.7892
10009,10,robot_3cam,push milk to the right,-6.0709,-22.7321,0.9735,0.6296,0.8419,85.7616,19.5008,11.5688,0.516
10002,133,robot_3cam,push milk to the right,10.5755,2.6821,0.9958,0.9581,0.9879,1.8983,6.3941,7.9063,0.9426
12002,120,robot_3cam,banana in black bowl (new background),8.8464,29.1494,0.8758,0.8006,0.9963,-58.4278,13.4827,8.6581,0.6985
10002,154,robot_3cam,push milk to the right,2.7093,-20.4488,0.9834,0.3469,1.0,63.6449,21.0649,17.906,0.3411
12005,96,robot_3cam,banana in black bowl (new background),8.2054,14.0058,0.3892,0.6901,-0.984,167.5704,13.2331,22.8219,0.0
10005,125,robot_3cam,push milk to the right,7.1428,1.7716,0.6204,0.1287,0.7918,59.4378,22.4268,19.1769,0.0632
10005,56,robot_3cam,push milk to the right,-14.2185,4.6433,0.9884,0.9287,0.9967,-144.511,15.07,14.4373,0.9148
12006,36,robot_3cam,banana in black bowl (new background),-17.307,-6.5386,0.9151,0.4373,0.7749,139.1497,19.3283,10.7627,0.3101
10006,61,robot_3cam,push milk to the right,-0.1256,4.2859,0.9581,0.9703,0.9443,-106.417,3.3555,2.8851,0.878
12004,145,robot_3cam,banana in black bowl (new background),-9.2812,-5.5358,0.8723,0.575,0.9951,63.7039,16.6991,17.7009,0.4991
12005,80,robot_3cam,banana in black bowl (new background),6.1421,-3.4436,0.9839,0.9813,0.9837,38.2229,3.8007,4.3749,0.9498
12002,124,robot_3cam,banana in black bowl (new background),1.4814,26.5232,0.9567,0.8728,0.9902,-94.0439,13.9016,10.4663,0.8268
12005,26,robot_3cam,banana in black bowl (new background),-14.4788,-0.9219,0.9915,0.6528,0.9989,-177.9473,24.5798,15.0637,0.6465
10006,108,robot_3cam,push milk to the right,20.1564,0.1335,0.9928,0.7952,0.9362,5.2266,15.6187,18.976,0.7391
10004,47,robot_3cam,push milk to the right,-7.7513,4.9632,0.9834,0.9488,0.9952,-140.4824,6.9695,6.9833,0.9286
12009,37,robot_3cam,banana in black bowl (new background),-29.991,9.3936,0.9811,0.8218,0.9878,-163.2827,21.9835,19.0063,0.7964
12009,149,robot_3cam,banana in black bowl (new background),-9.2756,-7.3008,0.3965,0.2467,-0.8706,-62.9631,12.6265,16.8093,0.0
10003,99,robot_3cam,push milk to the right,20.3726,-0.2241,0.991,0.7713,0.9175,7.9531,16.4858,20.3044,0.7012
10006,74,robot_3cam,push milk to the right,3.6372,1.9734,0.9076,0.9495,0.7807,-29.4411,3.2677,2.1007,0.6728
12008,19,robot_3cam,banana in black bowl (new background),-7.8321,1.2201,0.9931,0.8016,0.9916,-170.3183,19.496,11.9161,0.7893
10003,121,robot_3cam,push milk to the right,-3.8318,-21.6894,0.9937,0.9067,0.9067,68.8558,16.0828,15.0315,0.8169
10004,55,robot_3cam,push milk to the right,-6.0759,11.2411,0.9956,0.9454,0.9989,-115.2172,14.3909,13.4796,0.9402
12001,38,robot_3cam,banana in black bowl (new background),-20.1677,-4.5581,0.8996,0.5874,0.8659,-133.8272,22.1139,23.9139,0.4575
12009,118,robot_3cam,banana in black bowl (new background),-1.294,20.0875,0.9588,0.8896,0.9706,-109.0227,10.8016,9.5306,0.8279
10004,60,robot_3cam,push milk to the right,2.115,11.8125,0.9848,0.9358,0.9961,-105.6659,12.0083,11.7071,0.918
12002,71,robot_3cam,banana in black bowl (new background),-6.8036,7.2595,0.9963,0.9534,0.9966,-121.1012,7.078,7.9581,0.9466
12002,196,robot_3cam,banana in black bowl (new background),-5.2718,11.2697,0.9951,0.9419,0.9998,-120.5319,11.2921,14.0858,0.9371
10007,33,robot_3cam,push milk to the right,-34.4095,0.3113,0.5387,0.6793,0.9684,-151.6975,18.9999,22.8922,0.3544
10005,80,robot_3cam,push milk to the right,11.5034,4.0773,0.9891,0.9531,0.9571,-9.6783,8.7087,10.9827,0.9023
12002,38,robot_3cam,banana in black bowl (new background),-29.0412,-14.7291,0.9914,0.7026,0.9952,-169.6057,24.8496,14.4289,0.6933
10003,137,robot_3cam,push milk to the right,2.4007,-5.6671,0.9917,0.944,0.9995,39.0941,4.1499,6.65,0.9357
10000,116,robot_3cam,push milk to the right,6.298,2.9085,0.9896,0.9477,0.9956,14.4114,8.7427,11.4841,0.9336
12003,42,robot_3cam,banana in black bowl (new background),-18.7938,18.6992,0.8809,0.9477,0.9982,-125.4751,16.4775,17.3287,0.8333
12005,100,robot_3cam,banana in black bowl (new background),22.9164,-0.7903,0.3222,0.4915,-0.9568,-166.0805,16.0394,11.7606,0.0
10008,7,robot_3cam,push milk to the right,-10.3611,-24.7055,0.9057,0.6571,0.7087,85.9346,20.4068,12.2295,0.4218
10002,134,robot_3cam,push milk to the right,8.9877,1.8009,0.9963,0.9667,0.9914,6.9816,4.9561,6.0209,0.9548
11040,100,video_2cam,push milk to the right,13.3941,4.9534,0.9914,0.9513,0.9998,15.5416,7.1174,9.6561,0.943
13046,88,video_2cam,banana in black bowl (new background),-5.0669,5.5894,0.9966,0.9619,0.9961,-126.3791,4.8843,4.4473,0.9549
13024,90,video_2cam,banana in black bowl (new background),4.5986,8.0238,0.9699,0.9559,0.9977,-95.2848,6.4137,5.8943,0.925
11030,15,video_2cam,push milk to the right,-5.9969,14.506,0.9887,0.4971,0.9916,163.1459,16.374,5.2974,0.4873
13011,44,video_2cam,banana in black bowl (new background),-22.0002,6.2945,0.9927,0.9389,0.9914,-140.5132,11.8201,15.327,0.924
11012,79,video_2cam,push milk to the right,15.6919,3.5731,0.9873,0.9434,0.999,18.854,8.8797,12.3181,0.9305
13025,129,video_2cam,banana in black bowl (new background),-8.1135,3.3829,0.989,0.8854,0.9413,-119.614,2.3437,3.2224,0.8243
11006,28,video_2cam,push milk to the right,-13.7714,5.2125,0.9753,0.8901,0.9915,-174.4925,8.2467,7.6835,0.8606
11035,74,video_2cam,push milk to the right,13.0046,0.9634,0.9932,0.9483,0.9973,10.2965,7.0657,9.2503,0.9392
13040,22,video_2cam,banana in black bowl (new background),-4.0241,3.2919,0.956,0.8862,0.998,168.0978,6.7446,4.483,0.8455
11017,40,video_2cam,push milk to the right,-24.6595,-0.5431,0.9923,0.9109,0.9537,-150.464,11.9057,17.0044,0.8621
11016,86,video_2cam,push milk to the right,9.128,1.5971,0.9944,0.9761,0.9988,13.2174,3.8186,4.6184,0.9695
11028,55,video_2cam,push milk to the right,-7.0501,9.4333,0.9903,0.9288,0.9942,-145.2668,7.5365,10.7554,0.9145
11029,33,video_2cam,push milk to the right,-14.685,13.8208,0.9905,0.9131,0.964,-151.2547,12.3583,15.4307,0.8718
13034,98,video_2cam,banana in black bowl (new background),5.6179,-3.9719,0.9584,0.9641,0.9545,43.4088,4.6086,5.9966,0.882
11029,74,video_2cam,push milk to the right,14.254,-7.0211,0.9866,0.9476,0.9999,18.7685,9.353,13.2204,0.9348
13037,57,video_2cam,banana in black bowl (new background),12.9214,-15.4387,0.9887,0.952,0.9911,41.3037,11.3135,15.2554,0.9328
13040,38,video_2cam,banana in black bowl (new background),-0.581,16.641,0.9952,0.9336,0.9862,-129.9829,12.1026,17.5395,0.9163
11022,13,video_2cam,push milk to the right,14.9242,-4.0247,0.6795,0.9352,0.54,61.5681,5.3131,10.3836,0.3431
13013,7,video_2cam,banana in black bowl (new background),-4.3015,-2.3229,0.9394,0.7497,0.2872,106.024,8.3972,7.9704,0.2022
11017,71,video_2cam,push milk to the right,16.7027,0.3329,0.9897,0.9425,0.9985,12.6852,10.6598,14.8454,0.9314
11044,33,video_2cam,push milk to the right,-14.1157,6.0184,0.9855,0.9073,0.958,-160.8687,10.9505,11.1056,0.8567
13025,66,video_2cam,banana in black bowl (new background),18.0631,5.7187,0.9923,0.9498,0.9717,46.6987,11.7986,15.1264,0.9159
13033,28,video_2cam,banana in black bowl (new background),16.8102,-12.3596,0.9946,0.9527,0.9892,-133.5549,11.3948,13.6497,0.9374
13008,114,video_2cam,banana in black bowl (new background),6.7765,14.7763,0.9719,0.9671,0.9941,-94.3297,4.703,5.138,0.9344
11041,97,video_2cam,push milk to the right,18.8844,5.6455,0.9878,0.9413,0.9936,13.5776,8.5254,12.0535,0.9239
11011,111,video_2cam,push milk to the right,7.3868,-1.6044,0.9944,0.9644,0.9944,4.6738,4.5934,6.0529,0.9536
11030,16,video_2cam,push milk to the right,-7.9538,8.5439,0.9776,0.728,0.9981,161.2879,13.5969,6.7895,0.7103
11029,46,video_2cam,push milk to the right,-13.0345,8.1627,0.9881,0.9114,0.9712,-140.9602,8.8285,16.1854,0.8745
13014,86,video_2cam,banana in black bowl (new background),-24.0704,11.462,0.7586,0.1791,0.971,51.1754,22.2265,20.5969,0.1319
13033,48,video_2cam,banana in black bowl (new background),2.7036,-4.5473,0.9897,0.9833,0.9959,33.6573,3.686,3.9658,0.9691
13038,10,video_2cam,banana in black bowl (new background),-4.229,1.147,0.9573,0.7319,-0.0034,114.7722,7.9897,8.0983,0.0
11032,30,video_2cam,push milk to the right,-17.0921,14.0924,0.9879,0.8746,0.9634,-144.5262,14.1127,19.0431,0.8323
11038,122,video_2cam,push milk to the right,2.5961,11.0841,0.9717,0.3148,0.6261,-109.5143,5.3994,5.2696,0.1915
11013,25,video_2cam,push milk to the right,-7.2367,-8.0937,0.9585,0.6124,0.8705,162.9575,6.8231,3.763,0.511
11040,118,video_2cam,push milk to the right,5.923,0.3266,0.9469,0.9791,0.8129,57.9226,2.8708,3.525,0.7536
11000,119,video_2cam,push milk to the right,11.6681,-1.1452,0.9527,0.921,0.9988,23.0297,4.5052,9.6287,0.8764
13027,62,video_2cam,banana in black bowl (new background),7.6045,-13.4903,0.993,0.9539,0.9905,40.5181,10.4138,12.9433,0.9382
11004,71,video_2cam,push milk to the right,9.4745,-8.2381,0.9924,0.9548,0.9853,42.2639,8.8719,11.1093,0.9336
13020,110,video_2cam,banana in black bowl (new background),2.3229,-3.6081,0.945,0.9166,0.779,71.0845,6.1414,7.0804,0.6747
11015,85,video_2cam,push milk to the right,10.7421,1.2826,0.9956,0.9682,0.9986,7.0515,5.6869,6.8745,0.9626
13005,139,video_2cam,banana in black bowl (new background),5.2654,-0.1176,0.929,0.9346,0.7552,72.6982,5.2754,6.092,0.6557
13035,93,video_2cam,banana in black bowl (new background),-11.5815,-6.0349,0.961,0.9068,0.9884,-62.3163,5.6178,5.062,0.8613
11039,141,video_2cam,push milk to the right,-7.2921,-10.5395,0.9671,0.8437,0.7849,-117.6778,3.0489,4.752,0.6404
13005,137,video_2cam,banana in black bowl (new background),2.0406,4.0599,0.9402,0.8905,0.7707,68.1266,7.3443,9.3325,0.6453
11010,31,video_2cam,push milk to the right,-4.6009,-3.9981,0.9569,0.8229,0.9739,162.8058,6.7985,3.9121,0.7668
13045,14,video_2cam,banana in black bowl (new background),-3.3102,4.3329,0.5724,0.8721,-0.9265,-4.9669,4.4482,8.7,0.0
13036,56,video_2cam,banana in black bowl (new background),14.564,-14.558,0.9924,0.7873,0.9937,38.3871,16.1004,21.5746,0.7764
13045,50,video_2cam,banana in black bowl (new background),0.275,-5.1235,0.9833,0.9807,0.9278,47.4413,1.8937,2.0319,0.8946
13041,32,video_2cam,banana in black bowl (new background),-13.823,5.1699,0.992,0.9047,0.958,-151.1318,11.0875,16.1511,0.8598
11034,148,video_2cam,push milk to the right,8.3786,0.3558,0.9675,0.5803,0.0172,-42.6586,6.4067,5.3563,0.0097
13048,19,video_2cam,banana in black bowl (new background),0.6034,-4.4611,0.9448,0.6908,0.2894,129.5743,6.8141,5.1511,0.1889
13043,46,video_2cam,banana in black bowl (new background),-13.6008,16.3238,0.9927,0.9026,0.9908,-136.9292,13.1079,18.2832,0.8878
13003,169,video_2cam,banana in black bowl (new background),2.0124,-5.3359,0.9895,0.7093,0.9914,-65.5305,7.1247,5.7814,0.6958
13033,32,video_2cam,banana in black bowl (new background),28.1469,-1.284,0.9884,0.8558,0.9854,-138.0849,16.4164,19.0294,0.8336
11049,28,video_2cam,push milk to the right,-6.1738,13.2652,0.9904,0.9147,0.9625,-156.1711,12.0482,11.5931,0.872
13044,78,video_2cam,banana in black bowl (new background),4.8616,0.1327,0.9343,0.9365,0.9196,-56.3386,1.7971,1.0217,0.8047
13027,145,video_2cam,banana in black bowl (new background),0.4811,4.1741,0.9845,0.868,0.9369,-112.5095,3.9142,5.522,0.8007
13011,120,video_2cam,banana in black bowl (new background),-0.808,3.935,0.9959,0.9811,0.9813,-128.8239,2.0532,2.1774,0.9588
13035,130,video_2cam,banana in black bowl (new background),-2.5156,-5.0359,0.9808,0.7292,0.9377,-106.1537,9.6081,11.731,0.6706
13003,100,video_2cam,banana in black bowl (new background),-23.3362,16.1348,0.9911,0.2038,0.9194,36.1409,17.5589,20.2581,0.1857
13016,145,video_2cam,banana in black bowl (new background),-0.6227,-5.5365,0.9954,0.8347,0.961,-108.8628,8.7854,11.3675,0.7984
11045,138,video_2cam,push milk to the right,8.0713,10.2424,0.8764,0.8216,-0.0344,-32.6186,3.2093,5.1037,0.0
11034,101,video_2cam,push milk to the right,4.4537,-14.7597,0.9898,0.9498,1.0,15.5181,7.2108,9.6112,0.94
11014,46,video_2cam,push milk to the right,-1.3937,9.3359,0.9962,0.9493,0.9922,-130.7573,4.6444,6.1097,0.9383
11009,68,video_2cam,push milk to the right,13.5127,-1.5621,0.988,0.9497,0.9998,20.8188,9.2235,12.5816,0.9381
13048,39,video_2cam,banana in black bowl (new background),-19.6107,16.3726,0.9854,0.9053,0.9755,-142.0924,14.0618,17.8087,0.8702
11026,106,video_2cam,push milk to the right,7.2828,1.1304,0.9926,0.9806,0.9984,18.1948,3.1122,3.7186,0.9717
11018,22,video_2cam,push milk to the right,-16.978,-0.96,0.9919,0.9249,0.9486,-162.6097,10.8324,12.1552,0.8702
11021,81,video_2cam,push milk to the right,12.0666,-4.2137,0.9899,0.9593,0.9999,21.2253,8.0958,10.4816,0.9495
13000,92,video_2cam,banana in black bowl (new background),18.4985,-16.5006,0.9946,0.2897,0.9969,23.1234,17.1887,20.6763,0.2872
11002,108,video_2cam,push milk to the right,5.2778,4.3018,0.9911,0.9812,0.9976,28.0945,2.1185,2.8941,0.9701
13033,16,video_2cam,banana in black bowl (new background),1.8202,-6.6035,0.9571,0.8161,0.1317,114.7435,4.7995,4.2608,0.1029
11029,79,video_2cam,push milk to the right,12.3778,-7.1832,0.987,0.9582,1.0,21.5558,8.4298,11.2719,0.9458
11017,52,video_2cam,push milk to the right,-2.5318,4.9773,0.991,0.9542,0.994,-143.1071,2.8744,4.3699,0.94
11035,76,video_2cam,push milk to the right,11.8249,0.297,0.994,0.9571,0.997,9.3626,6.5924,8.6404,0.9484
11031,88,video_2cam,push milk to the right,12.0232,0.2133,0.9926,0.9524,0.9993,13.2939,6.935,8.9381,0.9447
13028,69,video_2cam,banana in black bowl (new background),21.5681,-16.7488,0.9073,0.3459,0.974,39.8846,20.3653,19.9252,0.3057
13008,72,video_2cam,banana in black bowl (new background),4.6466,-5.0654,0.9941,0.9693,0.9853,37.1672,5.4578,6.0578,0.9494
13011,51,video_2cam,banana in black bowl (new background),-8.4844,31.2566,0.9951,0.9462,0.996,-134.6235,11.7407,14.9357,0.9379
11045,41,video_2cam,push milk to the right,-21.9532,-3.2939,0.9925,0.916,0.977,-142.4594,13.3272,17.3148,0.8883
11017,27,video_2cam,push milk to the right,-5.3476,-5.0295,0.9565,0.9222,0.9997,177.0364,6.6003,5.2191,0.8818
11037,131,video_2cam,push milk to the right,7.82,-12.1944,0.9732,0.4027,0.85,-70.0096,9.2064,7.2697,0.3332
11002,108,video_2cam,push milk to the right,5.2778,4.3018,0.9911,0.9812,0.9976,28.0945,2.1185,2.8941,0.9701
11029,68,video_2cam,push milk to the right,16.6406,1.0188,0.9901,0.9515,0.9991,20.2446,10.5835,14.5396,0.9413
11008,116,video_2cam,push milk to the right,-5.239,-0.0379,0.9602,0.8057,0.9687,133.9026,5.7936,4.8205,0.7494
13027,74,video_2cam,banana in black bowl (new background),-7.9101,13.5798,0.7987,0.3708,-0.8886,2.0169,21.0532,20.8212,0.0
13022,36,video_2cam,banana in black bowl (new background),-9.4396,13.2655,0.9926,0.9435,0.9934,-135.1693,8.0519,12.1003,0.9302
11031,27,video_2cam,push milk to the right,-8.5254,2.5335,0.9749,0.8709,0.996,175.9698,8.0655,7.0038,0.8457
13028,109,video_2cam,banana in black bowl (new background),9.6665,2.9234,0.913,0.9135,0.7017,63.5457,5.9845,8.6357,0.5853
11019,78,video_2cam,push milk to the right,13.2455,0.2511,0.9931,0.9492,0.9971,9.0612,7.2577,9.6476,0.9399
11027,55,video_2cam,push milk to the right,-3.3937,6.702,0.9937,0.9345,0.9873,-138.8539,4.5247,6.4058,0.9168
11037,79,video_2cam,push milk to the right,12.9752,-2.85,0.9869,0.9518,1.0,19.2413,9.1425,12.6771,0.9393
13008,87,video_2cam,banana in black bowl (new background),7.8314,-27.4509,0.9936,0.5438,0.9995,35.3602,14.2491,19.0163,0.54
11006,148,video_2cam,push milk to the right,3.8489,2.9424,0.9764,0.332,0.7798,-62.4125,5.2561,4.5674,0.2528
13035,54,video_2cam,banana in black bowl (new background),-3.4174,5.2415,0.9945,0.941,0.9913,-140.5801,3.208,5.186,0.9277
13007,31,video_2cam,banana in black bowl (new background),-24.5499,0.7915,0.9882,0.9121,0.9366,-165.4827,11.6167,13.0991,0.8442
13042,114,video_2cam,banana in black bowl (new background),12.5424,19.9063,0.5179,0.7718,0.1185,60.4402,1.4127,4.4667,0.0474
11005,10,video_2cam,push milk to the right,-7.5889,-4.8943,0.8961,0.8426,0.0009,90.4728,7.4877,10.5389,0.0007
13023,32,video_2cam,banana in black bowl (new background),-8.8123,-4.0658,0.9952,0.9641,0.9727,-121.976,13.8436,13.6619,0.9332
11018,71,video_2cam,push milk to the right,14.0534,1.3949,0.9902,0.9528,0.999,12.717,7.9277,10.5597,0.9425
11017,74,video_2cam,push milk to the right,13.6586,0.4434,0.9886,0.9563,0.9987,16.5532,8.4194,11.2958,0.9442
13013,33,video_2cam,banana in black bowl (new background),-12.2914,9.0903,0.9861,0.592,0.9795,-147.3639,18.0661,22.8809,0.5718
11040,20,video_2cam,push milk to the right,-15.8058,-1.0985,0.9826,0.8692,0.9728,-176.0752,12.0464,11.0776,0.8307
13048,81,video_2cam,banana in black bowl (new background),26.8804,-11.2829,0.9857,0.4319,0.9985,38.4802,16.0249,20.9702,0.4251
13023,35,video_2cam,banana in black bowl (new background),-7.1402,2.5362,0.9952,0.9665,0.983,-122.6461,14.4125,14.2084,0.9455
11033,16,video_2cam,push milk to the right,-12.3894,-11.979,0.9662,0.8289,0.9933,161.8288,7.7119,4.805,0.7954
13005,93,video_2cam,banana in black bowl (new background),9.3582,-12.9601,0.8263,0.7746,0.9309,51.1506,15.5025,18.9972,0.5958
11005,28,video_2cam,push milk to the right,-14.9289,8.3644,0.9864,0.7642,0.9591,-143.0875,15.1784,19.3963,0.723
11045,15,video_2cam,push milk to the right,-2.5108,-11.3013,0.9331,0.7818,0.3323,108.3223,6.3631,6.5062,0.2424
13024,113,video_2cam,banana in black bowl (new background),4.5048,1.8123,0.9357,0.9328,0.8393,71.3301,3.9608,4.0393,0.7325
13020,110,video_2cam,banana in black bowl (new background),2.3229,-3.6081,0.945,0.9166,0.779,71.0845,6.1414,7.0804,0.6747
13030,55,video_2cam,banana in black bowl (new background),-0.1363,-19.4432,0.9959,0.9585,0.9927,38.9625,11.0216,13.4957,0.9476
11044,48,video_2cam,push milk to the right,-10.5922,12.0005,0.9916,0.9383,0.984,-137.5962,9.9192,15.511,0.9155
11017,36,video_2cam,push milk to the right,-19.5791,-0.8964,0.9914,0.9255,0.9478,-156.4517,10.9113,14.2225,0.8696
13022,49,video_2cam,banana in black bowl (new background),5.0738,-6.8239,0.9947,0.9719,0.9836,38.1586,5.7709,6.3218,0.9508
13049,88,video_2cam,banana in black bowl (new background),-20.5783,21.865,0.9894,0.2874,0.9934,20.3056,15.6826,21.8956,0.2824
13016,80,video_2cam,banana in black bowl (new background),-22.9115,-0.4288,0.9736,0.0865,-0.7384,33.4585,19.2978,20.4818,0.0
13029,51,video_2cam,banana in black bowl (new background),5.0066,-4.75,0.9911,0.9691,0.9925,28.6627,4.2928,5.1461,0.9532
13011,107,video_2cam,banana in black bowl (new background),3.2277,-2.4006,0.9645,0.9281,0.9296,-24.7654,4.1619,4.7239,0.8321
13036,86,video_2cam,banana in black bowl (new background),-2.022,11.7354,0.9952,0.9376,0.9964,-121.7682,6.4073,6.6511,0.9297
13009,99,video_2cam,banana in black bowl (new background),9.9218,-3.8278,0.9835,0.7667,0.9727,14.5833,14.0514,19.228,0.7335
11005,52,video_2cam,push milk to the right,8.7509,-2.5684,0.9939,0.9762,0.9853,32.4506,5.5096,6.4144,0.956
11031,93,video_2cam,push milk to the right,9.7683,1.4646,0.9944,0.9685,0.9958,5.7389,5.241,6.7457,0.9589
11031,89,video_2cam,push milk to the right,11.7881,0.5071,0.9934,0.9583,0.9989,11.9811,6.7911,8.7031,0.9509
11049,50,video_2cam,push milk to the right,-4.1949,0.8398,0.9975,0.974,0.983,-119.3933,3.3644,4.0141,0.9551
13000,54,video_2cam,banana in black bowl (new background),-7.7971,3.0292,0.992,0.9418,0.9964,-139.8475,7.6238,10.4187,0.9309
11021,77,video_2cam,push milk to the right,5.6152,-9.9501,0.9907,0.9534,0.9973,21.5052,7.4248,9.599,0.942
13048,97,video_2cam,banana in black bowl (new background),22.7628,3.8299,0.9879,0.918,0.9887,11.6939,11.8978,16.5187,0.8967
13011,103,video_2cam,banana in black bowl (new background),7.7167,-2.9775,0.9839,0.9497,0.9927,10.4174,8.7542,10.9224,0.9277
13038,52,video_2cam,banana in black bowl (new background),-3.6856,2.8003,0.9853,0.9596,0.996,-144.3602,3.1331,3.2401,0.9417
11042,74,video_2cam,push milk to the right,10.7809,-6.0796,0.9884,0.9468,0.9983,15.2775,8.7258,12.1857,0.9342
11017,53,video_2cam,push milk to the right,-2.4499,4.9465,0.992,0.9711,0.9918,-142.6108,2.7051,4.0117,0.9554
11044,144,video_2cam,push milk to the right,12.8297,1.6862,0.9772,0.4284,0.9823,-77.5677,8.6297,7.2543,0.4112
11009,36,video_2cam,push milk to the right,-20.2896,3.8052,0.9947,0.9368,0.9896,-138.9331,12.64,16.3789,0.9221
13004,7,video_2cam,banana in black bowl (new background),-3.9496,-1.5491,0.8307,0.9083,0.3791,71.8907,6.2673,10.8151,0.2861
11039,76,video_2cam,push milk to the right,13.2341,-0.0924,0.9874,0.9617,1.0,18.7283,7.6879,10.4887,0.9495
11023,28,video_2cam,push milk to the right,-3.4147,-5.9537,0.9473,0.8753,0.9735,156.5185,5.2929,2.8511,0.8071
13042,123,video_2cam,banana in black bowl (new background),5.7935,-3.2874,0.977,0.6228,0.8958,-69.7286,4.5848,4.8542,0.545
13000,152,video_2cam,banana in black bowl (new background),-0.6094,7.7481,0.7557,0.7903,-0.0018,-8.7148,1.2756,4.2143,0.0
11004,91,video_2cam,push milk to the right,13.8662,3.0321,0.9912,0.9529,0.9982,10.0358,7.9387,10.5973,0.9429
11004,78,video_2cam,push milk to the right,7.2441,-6.8937,0.9951,0.972,0.9903,32.1516,6.7797,7.911,0.9579
11021,91,video_2cam,push milk to the right,14.2461,0.9361,0.9937,0.9582,0.9997,14.518,6.5949,8.4568,0.9519
11016,33,video_2cam,push milk to the right,-13.2463,20.7248,0.9906,0.9076,0.981,-148.7484,12.6643,16.2876,0.8819
11042,119,video_2cam,push milk to the right,-0.0674,9.3658,0.9574,0.7857,0.8809,-120.8521,4.7949,6.7092,0.6627
13017,61,video_2cam,banana in black bowl (new background),7.7828,-8.7045,0.9933,0.9477,0.9849,38.6066,8.2603,10.0535,0.9271
13009,90,video_2cam,banana in black bowl (new background),-14.4562,17.2072,0.9926,0.2881,1.0,21.6271,16.5126,21.2134,0.2859
13015,29,video_2cam,banana in black bowl (new background),-10.0813,2.3246,0.9833,0.9169,0.9964,-156.1694,6.5463,7.3154,0.8983
13041,45,video_2cam,banana in black bowl (new background),-8.696,1.3103,0.9963,0.958,0.9957,-127.0771,10.0257,14.0719,0.9504
11047,84,video_2cam,push milk to the right,14.7463,-3.2512,0.9877,0.9445,0.9999,18.0146,9.6881,13.5129,0.9328
11017,21,video_2cam,push milk to the right,-1.1472,-7.3738,0.9482,0.8411,0.2454,119.7688,4.8624,3.5879,0.1957
11047,6,video_2cam,push milk to the right,-8.5684,-25.5055,0.9038,0.8374,0.6191,91.2461,8.9913,9.0468,0.4686
13010,68,video_2cam,banana in black bowl (new background),3.9312,-16.3123,0.9959,0.9542,0.9894,38.6833,11.3792,14.85,0.9402
11023,103,video_2cam,push milk to the right,5.1036,-1.8314,0.9743,0.9788,0.9407,42.5958,1.363,1.8795,0.8972
11032,84,video_2cam,push milk to the right,27.2857,2.9951,0.9844,0.9416,0.9966,11.8177,10.467,14.7421,0.9238
11020,46,video_2cam,push milk to the right,-13.2196,8.5382,0.9945,0.9554,0.9933,-131.3212,10.4183,14.3996,0.9437
13014,81,video_2cam,banana in black bowl (new background),4.5519,-7.487,0.8761,0.4142,0.9974,54.1893,19.9917,21.4352,0.3619
11029,103,video_2cam,push milk to the right,3.7608,-6.3207,0.8283,0.9547,0.668,48.4782,6.5452,11.9785,0.5283
13007,46,video_2cam,banana in black bowl (new background),-24.4424,-2.4471,0.9893,0.7822,0.9786,-131.4749,15.5821,19.5156,0.7573
13028,23,video_2cam,banana in black bowl (new background),-10.927,5.974,0.988,0.916,0.965,-153.8674,10.8554,12.9209,0.8733
13007,36,video_2cam,banana in black bowl (new background),-27.763,4.0132,0.9883,0.8864,0.936,-151.7141,15.4225,18.4427,0.8199
11044,80,video_2cam,push milk to the right,15.722,3.6594,0.9884,0.9507,0.9966,11.7851,9.132,12.3132,0.9365
11000,32,video_2cam,push milk to the right,-21.3953,4.0803,0.9902,0.924,0.9749,-148.0914,9.4204,13.6737,0.892
11008,108,video_2cam,push milk to the right,-4.2182,1.7996,0.9497,0.9296,0.9485,164.7909,4.3565,5.0051,0.8374
11021,47,video_2cam,push milk to the right,-15.7127,7.4537,0.9935,0.9428,0.9877,-135.2421,8.8491,12.7894,0.9251
11033,81,video_2cam,push milk to the right,7.7721,-8.1524,0.9911,0.9538,0.9982,20.8581,7.6396,9.9001,0.9436
11036,80,video_2cam,push milk to the right,8.2261,10.4441,0.9926,0.9805,0.997,14.9956,3.2167,4.0066,0.9704
11037,98,video_2cam,push milk to the right,9.4668,0.9585,0.994,0.9664,0.9987,9.7073,4.5572,6.126,0.9594
13048,27,video_2cam,banana in black bowl (new background),-2.6145,9.6222,0.9701,0.903,0.9825,-177.5021,7.1256,8.1243,0.8606
11011,46,video_2cam,push milk to the right,-25.9739,-4.2648,0.9918,0.9126,0.9797,-139.9804,12.6461,17.2104,0.8867
11020,97,video_2cam,push milk to the right,8.4102,0.3768,0.9921,0.9715,0.9887,8.4,2.8718,4.2574,0.9529
13022,74,video_2cam,banana in black bowl (new background),2.6829,-6.9024,0.9829,0.9393,0.9985,14.7059,9.7716,13.6878,0.9218
13049,135,video_2cam,banana in black bowl (new background),-2.3059,-3.3389,0.9511,0.7409,0.2514,-15.7568,2.8821,4.5891,0.1771
13048,72,video_2cam,banana in black bowl (new background),3.845,-12.336,0.9931,0.9422,0.9759,42.8401,8.8061,10.8343,0.9132
13005,70,video_2cam,banana in black bowl (new background),-2.9637,3.3941,0.993,0.9856,0.9907,-139.1491,1.5338,1.8294,0.9695
11028,50,video_2cam,push milk to the right,-8.4185,5.3512,0.9869,0.9166,1.0,-155.6866,6.5942,8.5852,0.9045
13024,37,video_2cam,banana in black bowl (new background),-13.8248,-2.296,0.9893,0.9118,0.9872,-135.9653,10.2903,17.3477,0.8906
11014,81,video_2cam,push milk to the right,11.3715,1.5831,0.9935,0.9734,0.9999,16.9895,4.416,5.3796,0.9669
13003,48,video_2cam,banana in black bowl (new background),-18.5107,12.114,0.9949,0.9205,0.9902,-134.4732,13.9176,17.7346,0.9068
11030,124,video_2cam,push milk to the right,-7.1371,-2.4635,0.9604,0.7867,0.8634,-128.639,4.5905,5.9302,0.6523
11004,43,video_2cam,push milk to the right,-21.3112,-4.1937,0.9952,0.9317,0.9909,-134.1985,13.5573,16.955,0.9187
13005,113,video_2cam,banana in black bowl (new background),3.0985,-4.1123,0.981,0.9469,0.9961,-104.9358,6.6911,5.9999,0.9253
13007,94,video_2cam,banana in black bowl (new background),19.8882,1.6403,0.9887,0.9558,0.9975,12.4883,8.5346,10.4823,0.9426
13027,97,video_2cam,banana in black bowl (new background),-7.4036,0.8779,0.9775,0.9573,0.936,-9.8358,3.705,4.058,0.8759
13012,137,video_2cam,banana in black bowl (new background),-3.8782,3.1385,0.8377,0.4086,0.5336,-69.2714,1.2211,1.8667,0.1827
13025,27,video_2cam,banana in black bowl (new background),-21.3601,-1.5114,0.9849,0.9171,0.9994,-152.5404,7.5178,7.7573,0.9027
13046,24,video_2cam,banana in black bowl (new background),7.5901,9.5753,0.989,0.9235,0.9978,-149.0001,8.0059,9.2867,0.9113
13044,20,video_2cam,banana in black bowl (new background),1.2206,-4.6632,0.9878,0.9102,0.9964,-135.5902,9.4166,7.134,0.8959
13048,16,video_2cam,banana in black bowl (new background),3.3485,9.3752,0.8782,0.8165,-0.9122,121.7105,6.1282,8.9911,0.0
13038,71,video_2cam,banana in black bowl (new background),16.0866,-1.8585,0.9109,0.1086,0.4854,7.5636,17.4371,21.6141,0.048
13006,31,video_2cam,banana in black bowl (new background),-19.8311,-9.5666,0.972,0.9086,0.9932,166.9658,7.1964,6.0648,0.8772
11013,105,video_2cam,push milk to the right,-2.0649,-9.7436,0.9439,0.9631,0.8925,106.1093,4.8936,3.5427,0.8113
11024,8,video_2cam,push milk to the right,-1.6811,-8.5451,0.9142,0.8305,0.4277,100.0527,5.5988,6.3903,0.3248
11045,64,video_2cam,push milk to the right,4.115,2.9195,0.6129,0.2032,0.4114,92.0128,0.3372,0.1726,0.0512
11045,80,video_2cam,push milk to the right,8.0676,-3.4497,0.9939,0.98,0.9902,26.894,6.1129,7.1207,0.9645
11006,38,video_2cam,push milk to the right,3.42,15.986,0.9901,0.9374,0.9949,-145.828,8.7582,10.571,0.9234
11026,51,video_2cam,push milk to the right,-5.236,13.577,0.994,0.95,0.9938,-130.9166,8.7502,12.0942,0.9386
11042,32,video_2cam,push milk to the right,-11.323,11.0873,0.9932,0.9251,0.9849,-141.6412,10.1177,12.7894,0.9049
13030,41,video_2cam,banana in black bowl (new background),-2.1973,5.0541,0.9879,0.9376,0.9932,-149.8849,3.5015,5.1613,0.92
11043,140,video_2cam,push milk to the right,3.6747,3.7816,0.8268,0.7845,0.0706,-25.6851,1.1967,2.5331,0.0458
11038,52,video_2cam,push milk to the right,14.7684,0.8433,0.9855,0.9472,0.9997,17.4405,8.9104,12.8574,0.9332
11035,76,video_2cam,push milk to the right,11.8249,0.297,0.994,0.9571,0.997,9.3626,6.5924,8.6404,0.9484
13013,102,video_2cam,banana in black bowl (new background),-10.3296,-1.5069,0.9478,0.9253,0.8806,-26.7381,4.2392,4.1224,0.7722
11026,16,video_2cam,push milk to the right,-15.0054,1.1867,0.9572,0.7536,0.5858,115.9035,7.6023,5.9886,0.4226
11041,88,video_2cam,push milk to the right,13.0477,-1.0249,0.9867,0.9476,0.9994,17.6457,8.7214,12.2723,0.9344
13041,105,video_2cam,banana in black bowl (new background),-2.8165,4.3491,0.9979,0.968,0.9924,-121.7829,3.7818,4.2993,0.9587
11031,117,video_2cam,push milk to the right,-6.552,-4.4902,0.9068,0.9174,0.9233,169.5004,4.075,4.6223,0.7681
13015,82,video_2cam,banana in black bowl (new background),12.3425,-10.4629,0.9928,0.1849,0.9645,23.5206,19.2053,21.1904,0.177
13035,21,video_2cam,banana in black bowl (new background),-3.8416,-5.553,0.9254,0.7518,0.6991,154.4754,4.0505,1.7905,0.4864
11049,16,video_2cam,push milk to the right,-6.4063,-4.3717,0.9623,0.7768,0.9898,171.1922,8.6609,5.1067,0.74
13027,141,video_2cam,banana in black bowl (new background),-0.8197,5.7994,0.9834,0.865,0.9557,-117.2219,4.0969,6.5399,0.813
13012,137,video_2cam,banana in black bowl (new background),-3.8782,3.1385,0.8377,0.4086,0.5336,-69.2714,1.2211,1.8667,0.1827
11011,72,video_2cam,push milk to the right,6.3151,-2.9385,0.9918,0.9672,0.9887,30.4539,4.6166,5.5385,0.9484
11029,94,video_2cam,push milk to the right,5.2658,-2.2899,0.9919,0.9799,0.998,26.1628,3.8211,4.3488,0.97
13048,78,video_2cam,banana in black bowl (new background),13.415,-16.2478,0.9924,0.7821,0.9952,44.2264,14.1505,19.3715,0.7725
11025,46,video_2cam,push milk to the right,-6.7253,2.928,0.9931,0.9333,0.9906,-139.7145,4.2155,6.257,0.9182
11016,106,video_2cam,push milk to the right,-3.9816,2.0255,0.9573,0.805,0.8735,-117.3462,4.6768,6.6639,0.6732
13000,48,video_2cam,banana in black bowl (new background),-10.2133,-0.4141,0.9921,0.9309,0.9992,-142.8653,7.5954,9.6818,0.9228
13012,5,video_2cam,banana in black bowl (new background),-1.8868,-16.5244,0.9195,0.8389,0.1501,99.7582,4.6634,5.802,0.1158
11036,96,video_2cam,push milk to the right,-6.1817,10.3723,0.9529,0.9513,0.9761,-172.2002,2.967,3.7482,0.8849
11012,90,video_2cam,push milk to the right,12.8016,-1.9348,0.9904,0.9465,0.9963,8.8649,8.1158,10.7671,0.9339
13021,95,video_2cam,banana in black bowl (new background),0.1003,4.7185,0.992,0.9572,0.9952,-112.5215,5.1442,4.6059,0.9451
11013,78,video_2cam,push milk to the right,17.0945,-0.5457,0.9872,0.9352,0.9936,9.059,9.0308,12.3898,0.9172
11038,19,video_2cam,push milk to the right,-14.4267,-0.3058,0.9873,0.9113,0.9447,-162.4342,13.9296,16.4317,0.85
13034,5,video_2cam,banana in black bowl (new background),-3.2851,3.3145,0.9299,0.7903,0.1908,97.569,10.1389,9.7067,0.1402
11041,31,video_2cam,push milk to the right,-10.1888,0.67,0.9554,0.9018,0.9973,175.3061,5.7684,5.5031,0.8592
13016,59,video_2cam,banana in black bowl (new background),1.8298,-10.2531,0.9904,0.9559,0.9662,47.7497,6.6203,7.6926,0.9147
11012,60,video_2cam,push milk to the right,13.0461,4.6995,0.9907,0.9542,0.9989,13.2801,6.3097,8.7432,0.9443
13008,96,video_2cam,banana in black bowl (new background),25.3041,-5.6938,0.9915,0.3049,0.9896,14.179,17.6434,21.5879,0.2992
13007,41,video_2cam,banana in black bowl (new background),-24.5122,7.7907,0.9845,0.7292,0.9742,-144.587,17.0724,20.7704,0.6994
13024,25,video_2cam,banana in black bowl (new background),-12.6762,18.9565,0.9937,0.9361,0.993,-140.0706,11.7203,14.6104,0.9237
11005,96,video_2cam,push milk to the right,3.1346,-6.3013,0.968,0.9805,0.8957,56.9345,3.2626,3.588,0.8502
11024,100,video_2cam,push milk to the right,15.2618,2.941,0.9919,0.9461,0.997,8.2756,7.4085,9.845,0.9357
13006,73,video_2cam,banana in black bowl (new background),10.3267,-7.0901,0.9928,0.9492,0.9908,40.7526,10.2275,12.5831,0.9338
11045,26,video_2cam,push milk to the right,-8.709,0.717,0.9717,0.8289,0.9857,163.5404,11.1178,8.3748,0.7939
11030,97,video_2cam,push milk to the right,13.2982,7.9831,0.9914,0.9463,0.9973,10.6889,7.3132,10.1421,0.9356
11038,97,video_2cam,push milk to the right,9.4976,4.5299,0.994,0.9748,0.9997,14.0543,4.0073,5.0222,0.9687
13044,25,video_2cam,banana in black bowl (new background),-4.2336,7.5878,0.9937,0.9499,0.9954,-132.8525,10.9493,12.7144,0.9396
11019,79,video_2cam,push milk to the right,14.0029,1.3476,0.9927,0.9469,0.9966,9.145,7.2928,9.6963,0.9367
11025,51,video_2cam,push milk to the right,-2.1476,5.59,0.9924,0.9687,0.9897,-138.4328,3.1584,4.2556,0.9515
13041,129,video_2cam,banana in black bowl (new background),0.0801,8.4409,0.9795,0.8966,0.9139,-118.4791,1.3058,2.0471,0.8027
13042,96,video_2cam,banana in black bowl (new background),-4.4643,3.2685,0.9817,0.9604,0.9961,-142.1907,3.8851,3.6094,0.9391
11004,44,video_2cam,push milk to the right,-22.9774,-0.5254,0.9929,0.9032,0.9872,-133.5233,14.7129,18.5274,0.8853
11025,8,video_2cam,push milk to the right,3.2927,8.9815,0.9507,0.6818,0.3841,110.9318,8.9785,8.482,0.249
13020,28,video_2cam,banana in black bowl (new background),-9.6489,-0.1436,0.9536,0.9087,0.9999,-169.5176,6.4693,5.8485,0.8665
13038,34,video_2cam,banana in black bowl (new background),-7.4759,6.2246,0.9928,0.9217,0.9975,-133.6833,7.7517,8.534,0.9127
11012,100,video_2cam,push milk to the right,8.1526,1.3694,0.9928,0.9777,0.9997,22.0567,2.1694,2.8815,0.9704
11020,71,video_2cam,push milk to the right,10.2988,-5.9739,0.992,0.9555,0.9916,28.6825,7.7818,9.8714,0.9398
13047,78,video_2cam,banana in black bowl (new background),3.7645,-13.773,0.9942,0.945,0.9786,42.5754,8.448,10.1812,0.9195
11029,31,video_2cam,push milk to the right,-12.3054,13.7415,0.9883,0.922,0.9589,-154.3116,11.5487,13.4892,0.8739
13023,21,video_2cam,banana in black bowl (new background),1.389,-5.677,0.7756,0.919,0.7455,64.3835,3.7914,5.1779,0.5314
13009,47,video_2cam,banana in black bowl (new background),-13.9802,14.7616,0.9935,0.9446,0.995,-137.5941,11.9601,15.0869,0.9338
11036,107,video_2cam,push milk to the right,3.2113,7.8301,0.6702,0.2575,-0.2853,-81.8685,1.1353,2.2242,0.0
13032,58,video_2cam,banana in black bowl (new background),5.6655,-12.5974,0.9951,0.9507,0.9898,40.6258,10.1897,12.4165,0.9364
11024,130,video_2cam,push milk to the right,-5.4857,0.7923,0.9583,0.7396,0.9123,-132.4847,4.118,5.9549,0.6466
13035,82,video_2cam,banana in black bowl (new background),-11.5792,15.8367,0.9026,0.1814,0.975,6.676,17.8382,21.4354,0.1596
11041,117,video_2cam,push milk to the right,6.3305,3.7866,0.993,0.9754,0.9857,11.5203,1.9412,2.8233,0.9547
11039,32,video_2cam,push milk to the right,-15.1184,-2.6405,0.9819,0.8968,0.9756,-168.4099,9.9824,9.7371,0.8591
13045,41,video_2cam,banana in black bowl (new background),-9.1835,7.5555,0.9931,0.9239,0.9978,-129.4567,6.8187,8.7324,0.9155
13047,83,video_2cam,banana in black bowl (new background),10.0501,-16.9351,0.9943,0.9479,0.9861,42.3245,12.2682,16.3362,0.9294
13006,80,video_2cam,banana in black bowl (new background),9.416,-7.8886,0.8713,0.443,0.9993,48.1446,17.2966,21.0999,0.3856
13003,33,video_2cam,banana in black bowl (new background),-13.6764,2.6578,0.9835,0.9142,0.9574,-161.1382,8.5686,10.4288,0.8608
11033,132,video_2cam,push milk to the right,4.4146,0.9885,0.5777,0.564,-0.5468,107.2524,0.6971,1.0403,0.0
13046,14,video_2cam,banana in black bowl (new background),-7.1842,-0.1829,0.8445,0.799,-0.521,102.6723,5.6613,8.7744,0.0
11042,6,video_2cam,push milk to the right,-9.6399,8.0419,0.9741,0.8482,0.9989,151.0016,8.4318,5.6606,0.8253
11006,49,video_2cam,push milk to the right,-1.3989,13.1585,0.9925,0.9208,0.9936,-141.9585,6.2103,7.7533,0.9081
13007,68,video_2cam,banana in black bowl (new background),12.479,-4.847,0.9929,0.941,0.9712,49.5109,12.412,15.4236,0.9074
11036,65,video_2cam,push milk to the right,12.3601,0.1246,0.9906,0.9465,0.999,10.8391,7.4068,9.9825,0.9367
11041,59,video_2cam,push milk to the right,-10.9143,-2.1033,0.9922,0.9166,0.9988,-150.2242,5.7919,8.4699,0.9084
11000,38,video_2cam,push milk to the right,-10.7538,12.6884,0.9925,0.9342,0.9894,-136.801,8.5233,12.039,0.9173
13019,38,video_2cam,banana in black bowl (new background),-3.7195,14.4261,0.9931,0.9488,0.9999,-132.7232,7.5755,9.8081,0.9422
13048,68,video_2cam,banana in black bowl (new background),2.385,-6.4757,0.982,0.9814,0.9815,44.4464,3.8107,4.0031,0.9459
11036,127,video_2cam,push milk to the right,-2.3406,-14.1018,0.9911,0.7951,0.9521,-100.5652,12.2753,12.3836,0.7503
11019,54,video_2cam,push milk to the right,7.5339,-4.2166,0.992,0.9534,0.9989,18.38,6.9449,9.1031,0.9447
13030,126,video_2cam,banana in black bowl (new background),-3.4411,3.3792,0.9799,0.8414,0.8853,-110.5387,3.1034,4.6729,0.7299
13043,8,video_2cam,banana in black bowl (new background),1.1078,10.8811,0.9699,0.8407,0.9983,169.649,8.3784,6.158,0.814
13000,15,video_2cam,banana in black bowl (new background),6.3005,-2.5277,0.9642,0.8691,0.9963,163.7275,9.6125,7.2532,0.8348
11042,8,video_2cam,push milk to the right,-6.7448,8.0028,0.9764,0.871,0.9989,159.66,9.5453,6.7245,0.8495
11028,103,video_2cam,push milk to the right,5.5214,1.0432,0.9944,0.9821,0.9989,19.9075,1.7427,2.4082,0.9756
13034,30,video_2cam,banana in black bowl (new background),-28.7389,7.5504,0.9886,0.7464,0.9822,-137.673,16.2095,19.8149,0.7247
11040,81,video_2cam,push milk to the right,11.0476,2.4979,0.9928,0.9723,0.9966,20.8085,6.1097,7.6518,0.962
13049,53,video_2cam,banana in black bowl (new background),-7.1794,10.8222,0.9955,0.9568,0.9949,-131.1206,10.8264,14.376,0.9477
13004,51,video_2cam,banana in black bowl (new background),-26.9782,12.4171,0.9851,0.5992,0.9659,-136.2246,18.1564,21.9135,0.5701
11000,105,video_2cam,push milk to the right,0.1968,-7.5589,0.9295,0.7458,0.6717,93.992,9.1005,7.3135,0.4657
11046,78,video_2cam,push milk to the right,5.7361,-5.6397,0.993,0.9681,0.9832,28.0606,6.2342,7.8653,0.9451
13001,34,video_2cam,banana in black bowl (new background),0.0428,11.5083,0.9857,0.8753,0.9742,-172.5422,12.4986,11.123,0.8405
13022,15,video_2cam,banana in black bowl (new background),-7.9324,0.1313,0.942,0.9091,0.9961,-176.7109,6.2523,3.8079,0.853
11037,116,video_2cam,push milk to the right,2.4067,17.1687,0.8825,0.3239,0.4087,130.4131,2.428,2.4613,0.1168
11019,60,video_2cam,push milk to the right,8.56,-7.3634,0.9893,0.9611,0.9947,28.0662,8.2333,10.5775,0.9457
13045,22,video_2cam,banana in black bowl (new background),-7.8678,1.2544,0.9645,0.9057,0.9999,-165.4755,5.5917,6.1895,0.8735
13033,28,video_2cam,banana in black bowl (new background),16.8102,-12.3596,0.9946,0.9527,0.9892,-133.555,11.3948,13.6496,0.9374
11029,58,video_2cam,push milk to the right,10.6189,-3.9832,0.9895,0.9679,0.9929,23.2509,7.4999,9.9106,0.9509
11049,119,video_2cam,push milk to the right,-6.7019,-2.873,0.8904,0.7605,0.8676,175.2554,1.9289,2.2162,0.5875
13034,79,video_2cam,banana in black bowl (new background),17.0009,0.881,0.9739,0.905,0.9804,9.7176,10.8981,15.0142,0.8641
11045,48,video_2cam,push milk to the right,-10.0353,5.3745,0.9913,0.9359,0.9875,-136.219,10.2031,15.8478,0.9161
11027,108,video_2cam,push milk to the right,5.9681,2.7691,0.9917,0.9719,0.9802,7.2648,1.9646,2.9705,0.9447
11036,60,video_2cam,push milk to the right,10.6027,-2.8764,0.9906,0.9524,0.9981,20.4133,7.2325,9.4294,0.9416
11040,62,video_2cam,push milk to the right,4.3054,1.8717,0.7841,0.9238,0.6389,-6.6237,0.4977,0.622,0.4629
13036,91,video_2cam,banana in black bowl (new background),-1.0002,7.0771,0.9979,0.9695,0.9903,-117.4459,3.4837,3.7184,0.9581
13042,53,video_2cam,banana in black bowl (new background),-1.3957,7.1594,0.9947,0.9545,0.9877,-136.152,3.1295,4.5782,0.9378
